symbol,timestamp,open,high,low,close,volume
BTC,1/1/2019,3701.23,3810.16,3642.0,3797.14,23741.68703
BTC,1/2/2019,3796.45,3882.14,3750.45,3858.56,35156.46337
BTC,1/3/2019,3857.57,3862.74,3730.0,3766.78,29406.94836
BTC,1/4/2019,3767.2,3823.64,3703.57,3792.01,29519.55467
BTC,1/5/2019,3790.09,3840.99,3751.0,3770.96,30490.66775
BTC,1/6/2019,3771.12,4027.71,3740.0,3987.6,36553.80671
BTC,1/7/2019,3987.62,4017.9,3921.53,3975.45,31869.84626
BTC,1/8/2019,3976.76,4069.8,3903.0,3955.13,38901.42312
BTC,1/9/2019,3955.45,4006.81,3930.04,3966.65,28989.43951
BTC,1/10/2019,3966.06,3996.01,3540.0,3585.88,59402.22851
BTC,1/11/2019,3585.88,3658.0,3465.0,3601.31,38338.65473
BTC,1/12/2019,3601.31,3618.19,3530.0,3583.13,21999.92835
BTC,1/13/2019,3584.1,3611.1,3441.3,3476.81,26385.75745
BTC,1/14/2019,3477.56,3671.87,3467.02,3626.09,35235.21122
BTC,1/15/2019,3626.08,3648.42,3516.62,3553.06,34137.99746
BTC,1/16/2019,3553.06,3645.0,3543.51,3591.84,27480.17998
BTC,1/17/2019,3591.84,3634.7,3530.39,3616.21,29755.44084
BTC,1/18/2019,3613.32,3620.0,3565.75,3594.87,22713.44676
BTC,1/19/2019,3594.87,3720.0,3594.23,3665.3,22171.57812
BTC,1/20/2019,3665.75,3693.73,3475.0,3539.28,27901.9386
BTC,1/21/2019,3539.26,3559.51,3475.5,3526.9,19644.43684
BTC,1/22/2019,3526.88,3608.5,3434.85,3570.93,29336.44297
BTC,1/23/2019,3570.41,3607.98,3514.5,3552.82,24938.8427
BTC,1/24/2019,3552.97,3589.0,3529.22,3569.62,20826.25118
BTC,1/25/2019,3569.07,3587.15,3522.51,3565.29,17608.34667
BTC,1/26/2019,3566.69,3662.94,3545.0,3565.25,19476.53234
BTC,1/27/2019,3565.62,3579.0,3486.0,3550.84,22735.59816
BTC,1/28/2019,3550.05,3557.75,3380.27,3434.15,40405.1114
BTC,1/29/2019,3434.0,3443.45,3349.92,3411.04,29544.92898
BTC,1/30/2019,3410.04,3478.0,3387.1,3458.18,23968.26024
BTC,1/31/2019,3457.5,3489.2,3418.8,3434.1,29607.19025
BTC,2/1/2019,3434.1,3488.0,3401.2,3462.07,25260.47616
BTC,2/2/2019,3462.2,3526.4,3440.29,3504.77,17920.802
BTC,2/3/2019,3504.06,3511.09,3426.0,3458.11,19867.33639
BTC,2/4/2019,3458.11,3484.88,3433.31,3463.22,23131.98111
BTC,2/5/2019,3463.22,3478.97,3448.43,3471.59,25264.41503
BTC,2/6/2019,3471.57,3482.72,3380.0,3405.37,35310.24485
BTC,2/7/2019,3407.0,3426.45,3390.0,3398.4,18665.53864
BTC,2/8/2019,3398.4,3733.58,3373.1,3659.04,47968.05801
BTC,2/9/2019,3660.27,3680.02,3625.13,3665.18,24759.83372
BTC,2/10/2019,3665.18,3684.99,3609.76,3680.06,23250.60263
BTC,2/11/2019,3679.75,3684.9,3615.53,3631.05,24954.61457
BTC,2/12/2019,3631.05,3667.6,3582.34,3631.46,29479.59823
BTC,2/13/2019,3631.51,3670.0,3591.75,3609.4,25773.99765
BTC,2/14/2019,3608.34,3626.4,3568.11,3590.56,21753.50126
BTC,2/15/2019,3590.57,3653.23,3573.45,3602.47,20777.8729
BTC,2/16/2019,3602.49,3648.2,3597.91,3618.41,19565.99275
BTC,2/17/2019,3617.22,3700.11,3604.4,3667.58,25690.22778
BTC,2/18/2019,3667.62,3925.0,3655.0,3898.6,64042.73049
BTC,2/19/2019,3897.35,3994.52,3856.0,3907.79,50207.17267
BTC,2/20/2019,3907.35,3986.98,3870.66,3969.74,36205.14085
BTC,2/21/2019,3969.74,4016.48,3901.03,3937.31,31103.88473
BTC,2/22/2019,3937.31,3988.0,3926.65,3962.0,23943.16375
BTC,2/23/2019,3962.0,4162.02,3933.15,4117.76,33657.94288
BTC,2/24/2019,4118.0,4198.0,3712.66,3743.56,62224.18689
BTC,2/25/2019,3743.56,3872.66,3740.0,3827.92,38102.96625
BTC,2/26/2019,3828.44,3841.51,3777.0,3809.23,28838.74804
BTC,2/27/2019,3809.31,3838.85,3677.17,3818.07,31500.99547
BTC,2/28/2019,3818.04,3888.0,3763.87,3813.69,32561.96104
BTC,3/1/2019,3814.26,3857.0,3813.01,3823.0,23174.57217
BTC,3/2/2019,3822.17,3841.31,3772.25,3819.93,19445.83836
BTC,3/3/2019,3819.97,3835.0,3781.32,3807.75,16718.16541
BTC,3/4/2019,3807.32,3830.0,3670.69,3715.3,34742.84166
BTC,3/5/2019,3716.1,3877.1,3703.55,3857.73,32962.53616
BTC,3/6/2019,3857.58,3907.0,3813.09,3861.84,24775.11883
BTC,3/7/2019,3861.84,3905.4,3840.4,3873.64,26455.25766
BTC,3/8/2019,3873.63,3932.0,3800.0,3864.89,34730.36659
BTC,3/9/2019,3864.88,3971.75,3854.75,3943.04,30979.74765
BTC,3/10/2019,3943.43,3943.43,3881.69,3916.82,23187.56141
BTC,3/11/2019,3915.99,3936.98,3830.0,3871.61,38066.88571
BTC,3/12/2019,3871.61,3905.2,3826.06,3882.73,26921.00862
BTC,3/13/2019,3882.69,3893.56,3840.0,3866.0,24461.00876
BTC,3/14/2019,3866.0,3920.0,3810.43,3877.12,27048.74853
BTC,3/15/2019,3877.12,3939.22,3872.2,3923.76,21740.0615
BTC,3/16/2019,3924.46,4056.98,3921.98,4005.98,28568.37612
BTC,3/17/2019,4005.98,4012.0,3950.01,3981.14,18814.25558
BTC,3/18/2019,3981.85,4037.0,3953.33,3987.81,22454.47801
BTC,3/19/2019,3987.83,4031.0,3970.0,4015.53,19893.74182
BTC,3/20/2019,4017.48,4050.0,3980.5,4043.04,23432.30026
BTC,3/21/2019,4043.04,4069.32,3880.01,3980.64,35997.68212
BTC,3/22/2019,3980.85,4008.0,3968.25,3986.93,20022.60632
BTC,3/23/2019,3987.89,4018.83,3978.01,4006.01,17302.60432
BTC,3/24/2019,4006.01,4006.02,3950.0,3992.18,17179.85065
BTC,3/25/2019,3991.35,3999.3,3888.71,3936.12,33192.89022
BTC,3/26/2019,3935.47,3958.98,3894.0,3948.55,29349.53763
BTC,3/27/2019,3948.77,4048.0,3936.15,4038.05,32364.55585
BTC,3/28/2019,4039.58,4039.7,4002.0,4027.81,20089.29388
BTC,3/29/2019,4028.22,4123.71,4024.03,4103.25,30084.21744
BTC,3/30/2019,4104.24,4140.0,4052.0,4106.97,19509.2926
BTC,3/31/2019,4106.99,4116.12,4082.57,4103.95,13525.08743
BTC,4/1/2019,4102.44,4158.7,4067.0,4144.56,25507.06764
BTC,4/2/2019,4144.54,4897.99,4140.54,4857.29,105383.6393
BTC,4/3/2019,4857.19,5275.01,4753.5,4932.6,109890.1257
BTC,4/4/2019,4932.59,5039.08,4777.0,4898.66,61054.25417
BTC,4/5/2019,4898.64,5028.22,4880.62,5004.95,39768.55281
BTC,4/6/2019,5004.96,5205.0,4928.59,5043.89,41770.84231
BTC,4/7/2019,5042.07,5234.0,5026.0,5170.27,37615.4868
BTC,4/8/2019,5170.27,5305.0,5039.0,5236.9,50178.43078
BTC,4/9/2019,5238.38,5238.4,5076.68,5150.0,34067.01231
BTC,4/10/2019,5150.0,5422.0,5135.0,5308.25,40073.62047
BTC,4/11/2019,5307.86,5332.67,4927.0,5017.37,54696.60069
BTC,4/12/2019,5017.37,5080.58,4861.22,5048.01,33276.67861
BTC,4/13/2019,5047.0,5099.0,5004.0,5045.22,17292.4568
BTC,4/14/2019,5047.45,5152.99,5000.0,5131.3,18281.60774
BTC,4/15/2019,5131.28,5167.38,4950.0,5024.95,29057.19158
BTC,4/16/2019,5024.95,5197.72,5003.94,5173.72,24242.22949
BTC,4/17/2019,5173.72,5230.4,5146.8,5202.82,23307.53613
BTC,4/18/2019,5202.41,5287.0,5198.8,5258.44,22619.239
BTC,4/19/2019,5258.44,5320.0,5175.0,5258.68,24611.23632
BTC,4/20/2019,5258.68,5333.42,5230.1,5291.73,19168.90827
BTC,4/21/2019,5292.91,5314.35,5165.0,5256.14,25549.57094
BTC,4/22/2019,5257.41,5400.0,5208.35,5357.14,29563.85231
BTC,4/23/2019,5357.14,5600.0,5332.41,5493.31,41262.10392
BTC,4/24/2019,5490.91,5582.2,5333.35,5415.0,48224.15241
BTC,4/25/2019,5415.0,5491.84,5102.0,5219.9,49636.08995
BTC,4/26/2019,5220.47,5510.0,5161.62,5314.1,48912.29451
BTC,4/27/2019,5315.0,5342.5,5257.67,5295.69,15422.89694
BTC,4/28/2019,5295.69,5340.0,5259.48,5307.52,14371.43387
BTC,4/29/2019,5309.81,5332.0,5178.8,5238.14,19918.13508
BTC,4/30/2019,5238.14,5339.98,5192.15,5320.81,22238.06823
BTC,5/1/2019,5321.94,5402.0,5316.2,5383.2,17217.47322
BTC,5/2/2019,5383.2,5538.0,5370.0,5492.87,22795.78784
BTC,5/3/2019,5494.81,5844.0,5477.57,5772.69,46297.17285
BTC,5/4/2019,5770.62,5900.0,5587.45,5829.45,39682.40899
BTC,5/5/2019,5829.83,5839.9,5696.0,5775.62,23822.54378
BTC,5/6/2019,5773.18,5805.0,5619.14,5747.79,25256.59633
BTC,5/7/2019,5749.92,6028.41,5747.74,5846.34,39905.06442
BTC,5/8/2019,5846.34,6014.72,5772.2,5987.29,23074.18691
BTC,5/9/2019,5986.66,6224.55,5983.71,6209.18,27453.01144
BTC,5/10/2019,6209.95,6468.92,6172.0,6373.33,36623.61079
BTC,5/11/2019,6375.16,7343.99,6372.85,7076.22,74022.42439
BTC,5/12/2019,7076.24,7521.78,6750.0,6967.31,86948.97534
BTC,5/13/2019,6968.24,8100.0,6870.0,7790.71,85804.73533
BTC,5/14/2019,7795.62,8366.0,7599.56,7947.56,76583.7226
BTC,5/15/2019,7945.26,8249.0,7850.0,8169.87,37884.32721
BTC,5/16/2019,8169.08,8320.0,7705.0,7866.59,69630.514
BTC,5/17/2019,7868.67,7925.0,6913.0,7355.26,88752.00816
BTC,5/18/2019,7355.28,7458.0,7156.61,7257.45,37054.94478
BTC,5/19/2019,7257.32,8275.09,7243.08,8148.48,65577.44206
BTC,5/20/2019,8147.94,8156.03,7553.0,7938.15,65859.20856
BTC,5/21/2019,7937.16,8042.32,7771.0,7904.87,52301.75225
BTC,5/22/2019,7904.48,8016.0,7465.0,7628.43,49136.99459
BTC,5/23/2019,7627.8,7940.98,7461.0,7851.51,49648.1847
BTC,5/24/2019,7849.95,8130.0,7766.0,7964.87,46664.78533
BTC,5/25/2019,7964.52,8091.8,7908.34,8025.41,28414.32882
BTC,5/26/2019,8023.0,8740.0,7833.42,8614.43,49652.14457
BTC,5/27/2019,8612.54,8908.32,8589.0,8756.32,51886.76879
BTC,5/28/2019,8752.52,8798.49,8510.63,8715.64,31470.55153
BTC,5/29/2019,8716.87,8750.0,8406.6,8645.68,33880.86592
BTC,5/30/2019,8646.5,9074.26,8005.0,8269.54,70379.99852
BTC,5/31/2019,8267.1,8594.0,8108.5,8555.0,44727.49162
BTC,6/1/2019,8555.0,8626.0,8442.36,8544.07,31868.23416
BTC,6/2/2019,8545.1,8814.78,8524.0,8725.98,27835.13327
BTC,6/3/2019,8726.0,8800.95,8080.8,8115.82,45692.9651
BTC,6/4/2019,8115.66,8115.66,7481.02,7687.03,74143.94894
BTC,6/5/2019,7687.04,7896.7,7572.78,7776.5,48679.65646
BTC,6/6/2019,7778.08,7868.13,7444.58,7786.7,36624.11875
BTC,6/7/2019,7787.57,8100.0,7737.49,7980.53,33942.22566
BTC,6/8/2019,7978.94,8044.65,7751.0,7893.62,22657.32963
BTC,6/9/2019,7895.28,7935.0,7506.66,7628.13,31568.46516
BTC,6/10/2019,7627.57,8020.0,7511.0,7982.75,36756.07847
BTC,6/11/2019,7981.0,8010.0,7692.23,7884.9,30334.99943
BTC,6/12/2019,7884.9,8200.0,7788.99,8127.64,41597.08262
BTC,6/13/2019,8127.64,8309.82,8010.03,8218.54,30467.76434
BTC,6/14/2019,8216.44,8684.41,8144.32,8650.0,39835.24626
BTC,6/15/2019,8650.88,8864.99,8567.63,8808.7,31791.63604
BTC,6/16/2019,8810.77,9333.0,8760.0,8953.33,63289.25122
BTC,6/17/2019,8953.0,9444.0,8950.0,9313.96,47895.48537
BTC,6/18/2019,9312.13,9336.36,8950.0,9081.55,51554.5694
BTC,6/19/2019,9081.97,9304.0,8960.0,9255.49,32147.7065
BTC,6/20/2019,9253.76,9590.0,9175.2,9517.12,34556.05398
BTC,6/21/2019,9518.06,10174.99,9518.06,10159.86,50484.41589
BTC,6/22/2019,10159.86,11160.0,9921.72,10729.5,104169.448
BTC,6/23/2019,10729.0,11392.64,10555.18,10906.07,57445.32395
BTC,6/24/2019,10905.95,11143.63,10620.8,11056.59,43101.04529
BTC,6/25/2019,11056.59,11850.0,11026.0,11820.86,61276.68665
BTC,6/26/2019,11821.28,13970.0,11741.0,13093.8,155930.1474
BTC,6/27/2019,13098.38,13478.04,10525.1,11329.99,173894.8209
BTC,6/28/2019,11329.99,12480.0,10982.88,12400.63,95795.20396
BTC,6/29/2019,12407.06,12441.54,11475.02,11903.13,69642.07416
BTC,6/30/2019,11903.13,12180.0,10766.03,10854.1,84512.53044
BTC,7/1/2019,10854.1,11282.28,10030.0,10624.93,90962.26827
BTC,7/2/2019,10624.9,10938.75,9727.0,10842.85,109561.0387
BTC,7/3/2019,10844.98,11991.89,10841.04,11940.0,96815.90029
BTC,7/4/2019,11940.0,12000.0,11055.0,11145.67,66512.22189
BTC,7/5/2019,11145.67,11406.83,10796.44,10970.73,63534.35058
BTC,7/6/2019,10982.41,11665.0,10964.51,11256.49,51469.49633
BTC,7/7/2019,11256.45,11538.0,11094.37,11406.24,38884.7956
BTC,7/8/2019,11410.0,12338.03,11220.0,12238.6,52182.36722
BTC,7/9/2019,12238.6,12794.73,12068.0,12543.41,78442.13034
BTC,7/10/2019,12548.51,13147.08,11569.0,12108.37,109246.045
BTC,7/11/2019,12108.11,12111.73,11000.0,11342.89,87506.46106
BTC,7/12/2019,11342.88,11885.0,11073.0,11757.22,56321.85828
BTC,7/13/2019,11757.22,11799.98,10830.0,11355.76,54245.59455
BTC,7/14/2019,11355.78,11452.0,10103.0,10174.18,72517.57924
BTC,7/15/2019,10174.18,11100.0,9860.0,10838.72,81922.42633
BTC,7/16/2019,10833.78,11028.0,9350.01,9439.59,97219.44341
BTC,7/17/2019,9430.17,9957.0,9060.0,9667.92,84942.67272
BTC,7/18/2019,9668.86,10788.0,9252.0,10627.16,80283.31025
BTC,7/19/2019,10628.64,10769.71,10121.84,10504.29,56546.93213
BTC,7/20/2019,10505.78,11068.99,10350.0,10740.23,47331.89985
BTC,7/21/2019,10740.27,10817.9,10288.0,10589.45,38834.28794
BTC,7/22/2019,10590.15,10683.16,10100.0,10340.31,40467.95484
BTC,7/23/2019,10343.08,10343.97,9822.0,9864.91,47624.37071
BTC,7/24/2019,9864.78,9937.0,9525.0,9763.28,43475.38038
BTC,7/25/2019,9763.4,10175.0,9720.03,9879.87,37873.35473
BTC,7/26/2019,9882.15,9889.98,9637.0,9824.0,27167.46322
BTC,7/27/2019,9824.0,10188.66,9333.0,9476.52,43809.7783
BTC,7/28/2019,9478.92,9594.99,9165.0,9541.54,29401.02294
BTC,7/29/2019,9541.54,9729.0,9395.0,9507.64,29021.93741
BTC,7/30/2019,9509.07,9714.28,9402.0,9574.21,32536.36883
BTC,7/31/2019,9575.0,10109.8,9555.0,10080.53,39515.35456
BTC,8/1/2019,10080.53,10467.86,9863.46,10374.99,41727.63703
BTC,8/2/2019,10375.0,10670.0,10281.35,10523.75,42990.44422
BTC,8/3/2019,10523.75,10904.77,10497.93,10816.86,33802.31882
BTC,8/4/2019,10816.86,11040.0,10552.0,10929.23,39924.74514
BTC,8/5/2019,10929.99,11937.52,10927.8,11828.8,65153.67371
BTC,8/6/2019,11830.0,12330.7,11226.7,11481.69,76705.38988
BTC,8/7/2019,11481.69,12141.17,11382.84,11975.03,69173.39035
BTC,8/8/2019,11975.04,12060.0,11521.0,11999.77,51207.25717
BTC,8/9/2019,11994.17,12045.68,11700.0,11879.99,39427.15259
BTC,8/10/2019,11879.98,11985.0,11270.0,11309.31,42633.08705
BTC,8/11/2019,11309.24,11600.0,11112.11,11549.97,26772.90691
BTC,8/12/2019,11539.08,11577.89,11235.32,11396.08,17568.22708
BTC,8/13/2019,11398.35,11456.16,10788.45,10892.71,33234.72968
BTC,8/14/2019,10893.36,10897.48,9928.1,10050.37,54451.8475
BTC,8/15/2019,10055.16,10460.0,9911.0,10293.93,38174.45112
BTC,8/16/2019,10296.77,10536.03,9750.0,10331.54,51758.14292
BTC,8/17/2019,10331.15,10465.14,10000.0,10216.02,29000.5812
BTC,8/18/2019,10216.05,10500.0,10080.0,10306.78,24085.39517
BTC,8/19/2019,10306.17,10930.0,10258.6,10915.54,37243.31922
BTC,8/20/2019,10914.73,10949.96,10560.0,10760.51,32298.92168
BTC,8/21/2019,10760.51,10804.13,9858.0,10142.57,47355.71928
BTC,8/22/2019,10140.82,10242.0,9762.0,10099.88,34059.64274
BTC,8/23/2019,10099.9,10445.0,10019.79,10389.55,27550.33617
BTC,8/24/2019,10388.16,10419.42,9890.0,10134.35,27692.45684
BTC,8/25/2019,10134.61,10333.0,9906.97,10142.69,26271.6574
BTC,8/26/2019,10142.69,10604.0,10137.93,10372.25,41687.5116
BTC,8/27/2019,10373.6,10391.08,10051.08,10185.05,28402.77538
BTC,8/28/2019,10185.69,10299.0,9601.01,9721.0,42110.55538
BTC,8/29/2019,9721.0,9724.0,9320.0,9498.44,35532.69491
BTC,8/30/2019,9499.01,9696.0,9350.41,9584.54,26834.3181
BTC,8/31/2019,9582.76,9684.51,9420.75,9587.47,17130.29007
BTC,9/1/2019,9588.74,9830.0,9520.0,9724.98,19545.40484
BTC,9/2/2019,9723.59,10450.0,9712.5,10340.0,44740.24809
BTC,9/3/2019,10340.0,10773.0,10272.0,10615.28,47998.37678
BTC,9/4/2019,10611.85,10799.0,10369.89,10567.02,43943.88903
BTC,9/5/2019,10565.92,10900.0,10450.0,10564.49,33970.96064
BTC,9/6/2019,10563.13,10905.87,10150.0,10298.73,58799.64096
BTC,9/7/2019,10298.71,10558.0,10288.57,10455.88,27637.87739
BTC,9/8/2019,10455.9,10592.5,10208.0,10381.18,23984.67202
BTC,9/9/2019,10381.24,10480.0,10068.5,10303.12,39835.72761
BTC,9/10/2019,10302.58,10384.99,9953.0,10098.15,28915.41223
BTC,9/11/2019,10098.19,10293.0,9880.0,10158.33,31953.82456
BTC,9/12/2019,10158.75,10448.81,10040.0,10415.01,34511.16276
BTC,9/13/2019,10415.01,10439.0,10153.0,10342.06,30280.33978
BTC,9/14/2019,10344.13,10419.99,10222.33,10335.02,23621.53352
BTC,9/15/2019,10332.81,10360.0,10252.15,10302.01,18047.65401
BTC,9/16/2019,10303.34,10355.0,10078.0,10251.31,28971.40166
BTC,9/17/2019,10249.68,10275.0,10128.01,10187.82,22914.32456
BTC,9/18/2019,10187.48,10258.02,10100.0,10156.99,24250.2493
BTC,9/19/2019,10156.41,10325.0,9653.0,10244.29,44826.28258
BTC,9/20/2019,10243.7,10281.0,10061.39,10168.59,25088.49107
BTC,9/21/2019,10167.92,10176.7,9900.0,9986.39,20544.1752
BTC,9/22/2019,9985.15,10089.0,9853.97,10028.87,22049.27526
BTC,9/23/2019,10028.05,10049.99,9615.77,9702.25,31937.23236
BTC,9/24/2019,9702.2,9794.99,7800.0,8493.14,94007.3452
BTC,9/25/2019,8497.55,8730.0,8215.64,8430.05,60783.89226
BTC,9/26/2019,8430.05,8465.99,7750.0,8063.73,67930.85375
BTC,9/27/2019,8063.49,8265.0,7852.15,8177.91,43882.92463
BTC,9/28/2019,8177.47,8315.0,8001.09,8198.81,34473.60517
BTC,9/29/2019,8199.38,8229.13,7890.0,8043.82,31544.21139
BTC,9/30/2019,8043.04,8337.26,7710.0,8289.34,55865.48726
BTC,10/1/2019,8289.97,8500.0,8173.05,8292.44,43479.58742
BTC,10/2/2019,8292.67,8373.91,8151.22,8359.94,26243.38664
BTC,10/3/2019,8360.0,8393.0,8060.0,8223.96,30488.28406
BTC,10/4/2019,8224.43,8232.41,8005.0,8137.13,26476.3304
BTC,10/5/2019,8137.09,8183.41,8012.98,8126.19,21907.61556
BTC,10/6/2019,8127.55,8153.87,7785.0,7854.25,34676.10405
BTC,10/7/2019,7855.3,8299.92,7762.0,8190.09,52202.0723
BTC,10/8/2019,8190.82,8325.0,8088.75,8168.39,35452.65742
BTC,10/9/2019,8170.79,8670.0,8115.0,8560.74,55038.70438
BTC,10/10/2019,8562.15,8644.0,8414.52,8558.03,39137.94617
BTC,10/11/2019,8557.82,8779.51,8212.38,8258.5,50405.28442
BTC,10/12/2019,8257.95,8400.0,8250.0,8300.09,21339.3341
BTC,10/13/2019,8301.98,8451.37,8160.0,8275.01,27840.73995
BTC,10/14/2019,8275.24,8388.85,8203.0,8348.2,29810.66325
BTC,10/15/2019,8346.86,8403.0,8090.0,8159.29,32773.06248
BTC,10/16/2019,8159.3,8181.16,7917.0,7991.74,34733.59397
BTC,10/17/2019,7995.02,8124.92,7929.03,8070.58,29656.94916
BTC,10/18/2019,8070.71,8115.0,7816.01,7947.01,31353.18142
BTC,10/19/2019,7946.89,8098.1,7866.92,7948.01,26627.88939
BTC,10/20/2019,7949.87,8297.0,7870.0,8223.35,34286.45265
BTC,10/21/2019,8223.35,8333.0,8142.03,8197.27,30448.67954
BTC,10/22/2019,8197.28,8297.99,8000.0,8020.0,34651.82866
BTC,10/23/2019,8020.06,8047.59,7300.0,7466.62,63897.4571
BTC,10/24/2019,7468.47,7503.68,7337.99,7412.41,32714.38327
BTC,10/25/2019,7412.41,8799.0,7361.0,8655.02,90748.21817
BTC,10/26/2019,8655.88,10370.0,8470.38,9230.0,162588.5854
BTC,10/27/2019,9230.0,9794.98,9074.34,9529.93,93833.5416
BTC,10/28/2019,9528.23,9902.1,9160.0,9205.14,80174.21732
BTC,10/29/2019,9204.45,9550.0,9072.0,9407.62,64158.46245
BTC,10/30/2019,9407.62,9409.84,9001.01,9154.72,55241.78643
BTC,10/31/2019,9154.02,9405.0,8913.0,9140.85,54376.0249
BTC,11/1/2019,9140.86,9279.0,9030.0,9231.61,43594.81412
BTC,11/2/2019,9231.4,9373.74,9186.21,9289.52,28923.06083
BTC,11/3/2019,9289.85,9362.57,9066.14,9194.71,27894.37828
BTC,11/4/2019,9196.46,9513.68,9115.84,9393.35,45894.45628
BTC,11/5/2019,9392.4,9454.95,9175.76,9308.66,45935.87367
BTC,11/6/2019,9307.73,9440.91,9250.01,9339.05,37336.17037
BTC,11/7/2019,9339.16,9375.0,9101.0,9216.2,39117.47085
BTC,11/8/2019,9214.0,9261.0,8696.0,8773.73,62107.28924
BTC,11/9/2019,8773.74,8880.0,8724.88,8809.41,29469.48141
BTC,11/10/2019,8809.18,9147.19,8750.0,9039.47,34422.0298
BTC,11/11/2019,9040.16,9072.32,8618.68,8733.27,44888.05355
BTC,11/12/2019,8733.36,8888.0,8567.6,8821.94,40366.62947
BTC,11/13/2019,8821.91,8844.99,8702.0,8777.12,26810.11692
BTC,11/14/2019,8777.54,8800.0,8582.6,8646.68,33468.46896
BTC,11/15/2019,8646.38,8790.0,8400.0,8471.73,46087.41775
BTC,11/16/2019,8471.62,8543.0,8400.0,8491.02,20902.29975
BTC,11/17/2019,8490.74,8635.0,8350.68,8502.4,27009.03708
BTC,11/18/2019,8502.87,8503.52,8060.0,8187.17,43017.69094
BTC,11/19/2019,8186.5,8218.63,8003.0,8133.64,43556.06103
BTC,11/20/2019,8133.83,8264.29,8038.4,8098.01,32466.23098
BTC,11/21/2019,8098.56,8134.73,7500.0,7627.74,58418.78026
BTC,11/22/2019,7627.79,7750.0,6790.0,7268.23,126603.1403
BTC,11/23/2019,7268.23,7344.48,7080.01,7311.57,50449.89476
BTC,11/24/2019,7311.1,7330.39,6861.0,6903.28,67890.20648
BTC,11/25/2019,6900.23,7377.69,6515.0,7109.57,119645.7352
BTC,11/26/2019,7109.99,7340.0,7017.48,7156.14,65722.39769
BTC,11/27/2019,7154.75,7655.0,6840.0,7508.52,92452.87349
BTC,11/28/2019,7507.9,7643.0,7360.0,7419.49,56933.98111
BTC,11/29/2019,7418.52,7850.0,7362.3,7739.68,60745.30087
BTC,11/30/2019,7740.99,7810.0,7441.0,7541.89,46989.43362
BTC,12/1/2019,7540.63,7541.85,7210.0,7390.89,60769.34231
BTC,12/2/2019,7391.5,7420.56,7151.1,7294.28,46330.25604
BTC,12/3/2019,7294.42,7400.0,7241.35,7292.71,33149.47749
BTC,12/4/2019,7292.71,7750.0,7067.0,7194.32,83153.70159
BTC,12/5/2019,7194.59,7485.0,7150.0,7389.0,59306.67886
BTC,12/6/2019,7389.0,7590.03,7305.0,7527.47,48189.08794
BTC,12/7/2019,7527.8,7619.62,7470.16,7488.21,31498.68417
BTC,12/8/2019,7487.31,7564.0,7374.86,7510.11,29856.89763
BTC,12/9/2019,7510.11,7650.0,7273.0,7338.64,46621.88749
BTC,12/10/2019,7338.64,7407.6,7157.1,7224.13,49723.76214
BTC,12/11/2019,7224.15,7275.5,7125.66,7210.0,30093.09194
BTC,12/12/2019,7210.0,7295.0,7080.3,7198.08,42288.60093
BTC,12/13/2019,7197.76,7309.05,7190.76,7258.48,27609.8738
BTC,12/14/2019,7257.37,7271.77,7012.0,7064.05,29561.98597
BTC,12/15/2019,7064.14,7200.3,7008.35,7118.59,26395.77814
BTC,12/16/2019,7119.6,7150.0,6836.0,6891.72,43863.99306
BTC,12/17/2019,6891.44,6942.21,6560.0,6623.82,53865.06993
BTC,12/18/2019,6623.84,7440.0,6435.0,7277.83,95636.65125
BTC,12/19/2019,7277.83,7380.0,7038.31,7150.3,55509.04908
BTC,12/20/2019,7151.31,7220.0,7079.5,7187.83,32132.06921
BTC,12/21/2019,7188.01,7190.58,7105.0,7132.75,19467.17403
BTC,12/22/2019,7131.59,7518.54,7122.47,7501.44,39137.45515
BTC,12/23/2019,7500.71,7695.38,7265.84,7317.09,68051.9972
BTC,12/24/2019,7317.3,7436.68,7157.04,7255.77,43629.49419
BTC,12/25/2019,7255.77,7271.77,7128.86,7204.63,27492.04432
BTC,12/26/2019,7205.01,7435.0,7157.12,7202.0,36259.76108
BTC,12/27/2019,7202.0,7275.86,7076.42,7254.74,33642.70186
BTC,12/28/2019,7254.77,7365.01,7238.67,7316.14,26848.9822
BTC,12/29/2019,7315.36,7528.45,7288.0,7388.24,31387.10609
BTC,12/30/2019,7388.43,7408.24,7220.0,7246.0,29605.91178
BTC,12/31/2019,7246.0,7320.0,7145.01,7195.23,25954.45353
BTC,1/1/2020,7195.24,7255.0,7175.15,7200.85,16792.38817
BTC,1/2/2020,7200.77,7212.5,6924.74,6965.71,31951.48393
BTC,1/3/2020,6965.49,7405.0,6871.04,7344.96,68428.50045
BTC,1/4/2020,7345.0,7404.0,7272.21,7354.11,29987.97498
BTC,1/5/2020,7354.19,7495.0,7318.0,7358.75,38331.0856
BTC,1/6/2020,7357.64,7795.34,7346.76,7758.0,54635.69532
BTC,1/7/2020,7758.9,8207.68,7723.71,8145.28,91171.68466
BTC,1/8/2020,8145.92,8455.0,7870.0,8055.98,112622.6426
BTC,1/9/2020,8054.72,8055.96,7750.0,7817.76,64239.51983
BTC,1/10/2020,7817.74,8199.0,7672.0,8197.02,82406.77745
BTC,1/11/2020,8198.86,8286.34,8003.16,8020.01,54810.03267
BTC,1/12/2020,8020.01,8197.0,7960.0,8184.98,38131.49434
BTC,1/13/2020,8184.97,8196.0,8055.89,8110.34,31159.75568
BTC,1/14/2020,8110.34,8880.0,8105.54,8810.01,120399.1267
BTC,1/15/2020,8814.64,8916.48,8564.0,8821.41,84816.29761
BTC,1/16/2020,8820.01,8859.81,8586.0,8720.01,51991.07428
BTC,1/17/2020,8720.15,9041.65,8672.44,8913.28,70897.73738
BTC,1/18/2020,8913.27,8988.88,8806.38,8915.96,38294.74655
BTC,1/19/2020,8915.09,9198.98,8466.0,8701.7,70676.88926
BTC,1/20/2020,8701.72,8746.99,8521.28,8642.35,38896.63975
BTC,1/21/2020,8642.35,8789.0,8488.0,8736.03,36494.68766
BTC,1/22/2020,8736.04,8818.0,8590.0,8682.36,29080.55714
BTC,1/23/2020,8682.77,8691.81,8306.39,8404.52,48165.9446
BTC,1/24/2020,8404.52,8528.02,8238.0,8439.0,41687.52953
BTC,1/25/2020,8438.99,8451.26,8254.9,8340.58,25521.15793
BTC,1/26/2020,8340.01,8618.13,8293.66,8615.0,31130.48516
BTC,1/27/2020,8614.39,9000.0,8535.0,8907.57,53973.543
BTC,1/28/2020,8907.57,9400.0,8862.4,9374.21,74584.85377
BTC,1/29/2020,9375.34,9449.24,9216.0,9301.53,53864.06512
BTC,1/30/2020,9301.57,9578.0,9204.44,9513.21,60626.74426
BTC,1/31/2020,9511.52,9530.22,9210.01,9352.89,45552.02235
BTC,2/1/2020,9351.71,9464.53,9281.0,9384.61,28578.06735
BTC,2/2/2020,9384.41,9477.03,9120.0,9331.51,45690.91254
BTC,2/3/2020,9331.59,9618.79,9234.0,9292.24,50892.13345
BTC,2/4/2020,9291.35,9350.0,9093.01,9197.02,53308.17527
BTC,2/5/2020,9197.02,9744.45,9177.22,9612.04,64870.41562
BTC,2/6/2020,9612.03,9862.57,9526.35,9772.0,64949.70659
BTC,2/7/2020,9772.0,9885.0,9730.0,9813.73,43966.11463
BTC,2/8/2020,9813.87,9940.0,9667.11,9895.05,43600.84367
BTC,2/9/2020,9895.04,10166.0,9880.75,10151.75,43408.47562
BTC,2/10/2020,10151.72,10188.0,9756.0,9851.83,59573.08462
BTC,2/11/2020,9851.74,10323.59,9700.0,10223.08,62422.39522
BTC,2/12/2020,10223.08,10450.0,10223.08,10326.46,61008.06393
BTC,2/13/2020,10325.33,10500.0,10080.0,10229.63,79344.35876
BTC,2/14/2020,10227.78,10381.56,10111.37,10344.36,47038.48017
BTC,2/15/2020,10344.36,10375.0,9801.0,9904.72,57657.20295
BTC,2/16/2020,9904.46,10050.0,9638.12,9917.27,60023.99954
BTC,2/17/2020,9910.7,9964.16,9452.67,9706.0,70261.0119
BTC,2/18/2020,9706.0,10250.0,9576.01,10164.71,70604.12402
BTC,2/19/2020,10164.78,10250.0,9350.0,9593.79,55162.5869
BTC,2/20/2020,9594.65,9699.0,9400.0,9596.42,60152.34291
BTC,2/21/2020,9597.21,9755.51,9550.21,9677.05,42181.55452
BTC,2/22/2020,9677.05,9709.17,9560.02,9650.86,24636.75762
BTC,2/23/2020,9650.85,9990.0,9645.0,9936.4,37702.08984
BTC,2/24/2020,9936.4,9990.0,9473.56,9656.13,55796.59612
BTC,2/25/2020,9655.52,9675.0,9250.0,9315.84,54379.34455
BTC,2/26/2020,9316.48,9377.44,8633.63,8785.25,92130.34548
BTC,2/27/2020,8786.0,8971.77,8531.0,8823.21,72483.57876
BTC,2/28/2020,8823.25,8900.0,8445.0,8692.91,71155.20898
BTC,2/29/2020,8690.8,8790.0,8523.55,8523.61,36748.18304
BTC,3/1/2020,8523.61,8750.0,8411.0,8531.88,43892.20178
BTC,3/2/2020,8530.3,8965.75,8498.0,8915.24,60401.31773
BTC,3/3/2020,8911.18,8919.65,8651.0,8760.07,55154.99728
BTC,3/4/2020,8760.07,8848.29,8660.0,8750.87,38696.48258
BTC,3/5/2020,8750.99,9159.42,8746.54,9054.68,58201.86636
BTC,3/6/2020,9054.64,9170.0,8985.5,9131.88,43782.94804
BTC,3/7/2020,9130.89,9188.0,8835.0,8886.66,45422.20453
BTC,3/8/2020,8885.25,8886.76,8000.0,8033.31,77537.31517
BTC,3/9/2020,8034.76,8179.31,7632.01,7929.87,116968.8633
BTC,3/10/2020,7929.87,8149.0,7728.01,7894.56,86783.44388
BTC,3/11/2020,7894.57,7980.0,7590.0,7934.52,79942.41117
BTC,3/12/2020,7934.58,7966.17,4410.0,4800.0,261505.6087
BTC,3/13/2020,4800.01,5955.0,3782.13,5578.6,402201.6738
BTC,3/14/2020,5576.05,5640.52,5055.13,5172.06,136910.136
BTC,3/15/2020,5172.48,5940.0,5093.1,5361.3,139916.1465
BTC,3/16/2020,5360.33,5365.42,4442.12,5028.97,227276.9228
BTC,3/17/2020,5028.86,5525.0,4921.45,5312.64,150089.9263
BTC,3/18/2020,5312.64,5436.17,5009.37,5393.04,137127.6349
BTC,3/19/2020,5393.26,6400.0,5252.53,6162.37,199020.8734
BTC,3/20/2020,6162.05,6900.0,5670.0,6208.36,219298.3295
BTC,3/21/2020,6204.57,6456.98,5860.02,6186.98,128913.6684
BTC,3/22/2020,6187.04,6407.87,5734.01,5816.19,119115.9905
BTC,3/23/2020,5816.05,6600.0,5688.0,6467.31,164674.2158
BTC,3/24/2020,6465.25,6833.0,6371.33,6744.72,151138.0099
BTC,3/25/2020,6744.69,6957.96,6450.0,6677.43,132155.735
BTC,3/26/2020,6677.42,6780.0,6510.0,6737.36,83026.55521
BTC,3/27/2020,6737.27,6842.59,6261.0,6359.11,82914.96835
BTC,3/28/2020,6359.11,6360.0,6024.0,6236.65,93159.69343
BTC,3/29/2020,6236.65,6266.0,5866.56,5881.42,63311.62771
BTC,3/30/2020,5880.5,6599.0,5857.76,6394.38,118889.55
BTC,3/31/2020,6394.45,6523.23,6321.4,6410.44,72337.59526
BTC,4/1/2020,6412.14,6679.94,6150.11,6642.92,97500.7524
BTC,4/2/2020,6643.36,7198.0,6551.0,6794.09,149299.9069
BTC,4/3/2020,6793.86,7048.0,6602.1,6734.1,104080.2769
BTC,4/4/2020,6732.97,6990.41,6650.01,6856.99,72990.86114
BTC,4/5/2020,6857.41,6895.54,6677.52,6772.78,49685.35698
BTC,4/6/2020,6772.78,7355.14,6765.0,7329.9,118052.0008
BTC,4/7/2020,7329.9,7459.69,7077.0,7197.32,103585.1689
BTC,4/8/2020,7197.32,7420.0,7150.0,7361.28,76059.14584
BTC,4/9/2020,7360.26,7371.92,7108.08,7283.54,61094.87242
BTC,4/10/2020,7283.54,7295.75,6739.98,6858.92,104674.6234
BTC,4/11/2020,6858.92,6944.3,6760.0,6876.83,45470.29321
BTC,4/12/2020,6876.84,7177.0,6780.0,6903.79,73868.6665
BTC,4/13/2020,6903.79,6903.79,6575.0,6837.91,96415.47657
BTC,4/14/2020,6838.04,6978.0,6754.28,6868.7,69068.62329
BTC,4/15/2020,6868.57,6933.0,6605.0,6621.24,61571.38499
BTC,4/16/2020,6621.25,7190.0,6468.27,7101.94,125009.8575
BTC,4/17/2020,7101.99,7148.12,6972.98,7027.55,54126.50976
BTC,4/18/2020,7026.78,7293.08,7014.4,7248.6,49488.54282
BTC,4/19/2020,7248.6,7266.15,7055.6,7120.74,45664.86393
BTC,4/20/2020,7121.4,7220.0,6751.0,6826.83,90149.49137
BTC,4/21/2020,6828.98,6940.0,6762.0,6841.37,60109.71081
BTC,4/22/2020,6841.36,7156.38,6818.0,7125.14,61486.37733
BTC,4/23/2020,7125.12,7738.0,7020.0,7482.39,102773.5696
BTC,4/24/2020,7483.96,7615.96,7388.0,7505.0,60182.11994
BTC,4/25/2020,7505.0,7705.0,7431.07,7538.67,43874.42773
BTC,4/26/2020,7539.03,7700.0,7480.0,7693.1,50522.61621
BTC,4/27/2020,7693.1,7792.02,7606.0,7774.62,65441.33958
BTC,4/28/2020,7773.51,7780.0,7659.12,7738.98,46302.75264
BTC,4/29/2020,7738.58,8952.89,7710.05,8778.57,183546.8875
BTC,4/30/2020,8778.58,9460.0,8401.0,8620.0,206277.2141
BTC,5/1/2020,8620.0,9059.18,8613.56,8826.96,91468.81506
BTC,5/2/2020,8825.67,9010.0,8753.0,8972.05,59002.08755
BTC,5/3/2020,8972.58,9200.0,8712.0,8894.16,90126.06564
BTC,5/4/2020,8894.15,8950.0,8522.0,8871.96,84418.51233
BTC,5/5/2020,8871.92,9118.58,8760.0,9021.83,76480.76534
BTC,5/6/2020,9021.36,9395.0,8906.21,9142.92,105925.3024
BTC,5/7/2020,9143.4,10067.0,9021.0,9986.4,147154.6114
BTC,5/8/2020,9986.3,10035.96,9705.0,9800.01,100683.7964
BTC,5/9/2020,9800.02,9914.25,9520.0,9539.4,81950.67957
BTC,5/10/2020,9539.1,9574.83,8117.0,8722.77,183865.182
BTC,5/11/2020,8722.77,9168.0,8200.0,8561.52,168807.2518
BTC,5/12/2020,8562.04,8978.26,8528.78,8810.79,86522.78007
BTC,5/13/2020,8810.99,9398.0,8792.99,9309.37,92466.27402
BTC,5/14/2020,9309.35,9939.0,9256.76,9791.98,129565.3775
BTC,5/15/2020,9791.97,9845.62,9150.0,9316.42,115890.7615
BTC,5/16/2020,9315.96,9588.0,9220.0,9381.27,59587.62786
BTC,5/17/2020,9380.81,9888.0,9322.1,9680.04,68647.76432
BTC,5/18/2020,9681.11,9950.0,9464.23,9733.93,82006.60358
BTC,5/19/2020,9733.93,9897.21,9474.0,9775.53,78539.76045
BTC,5/20/2020,9775.13,9842.0,9326.0,9511.43,74923.73809
BTC,5/21/2020,9511.43,9578.47,8815.0,9068.65,108928.781
BTC,5/22/2020,9067.51,9271.0,8933.52,9170.0,58943.13102
BTC,5/23/2020,9170.0,9307.85,9070.0,9179.15,43526.29697
BTC,5/24/2020,9179.01,9298.0,8700.0,8720.34,70379.86645
BTC,5/25/2020,8718.14,8979.66,8642.72,8900.35,62833.91095
BTC,5/26/2020,8900.35,9017.67,8700.0,8841.18,58299.77014
BTC,5/27/2020,8841.0,9225.0,8811.73,9204.07,68910.35551
BTC,5/28/2020,9204.07,9625.47,9110.0,9575.89,74110.78766
BTC,5/29/2020,9575.87,9605.26,9330.0,9427.07,57374.36296
BTC,5/30/2020,9426.6,9740.0,9331.23,9697.72,55665.27254
BTC,5/31/2020,9697.72,9700.0,9381.41,9448.27,48333.7864
BTC,6/1/2020,9448.27,10380.0,9421.67,10200.77,76649.12696
BTC,6/2/2020,10202.71,10228.99,9266.0,9518.04,108970.7732
BTC,6/3/2020,9518.02,9690.0,9365.21,9666.24,46252.64494
BTC,6/4/2020,9666.32,9881.63,9450.0,9789.06,57456.10097
BTC,6/5/2020,9788.14,9854.75,9581.0,9621.16,47788.05005
BTC,6/6/2020,9621.17,9735.0,9531.05,9666.3,32752.95089
BTC,6/7/2020,9666.85,9802.0,9372.46,9746.99,57952.84839
BTC,6/8/2020,9746.99,9800.0,9633.0,9782.01,40664.66413
BTC,6/9/2020,9782.0,9877.0,9570.0,9772.43,46024.00129
BTC,6/10/2020,9772.44,9992.72,9704.18,9885.0,47130.76298
BTC,6/11/2020,9885.22,9964.0,9113.0,9280.4,94418.98473
BTC,6/12/2020,9278.88,9557.12,9232.51,9465.13,50119.06693
BTC,6/13/2020,9464.96,9494.73,9351.0,9473.34,27759.78485
BTC,6/14/2020,9473.34,9480.99,9245.0,9342.1,30055.50661
BTC,6/15/2020,9342.1,9495.0,8910.45,9426.02,86107.92471
BTC,6/16/2020,9426.05,9589.0,9373.09,9525.59,52052.44693
BTC,6/17/2020,9526.97,9565.0,9236.61,9465.14,48046.41115
BTC,6/18/2020,9465.13,9489.0,9280.0,9386.32,37381.95377
BTC,6/19/2020,9386.32,9438.3,9215.79,9310.23,45330.98367
BTC,6/20/2020,9310.23,9395.0,9170.95,9358.95,30329.06538
BTC,6/21/2020,9358.95,9422.0,9281.54,9294.69,24316.92623
BTC,6/22/2020,9294.69,9780.0,9277.09,9685.69,57895.46834
BTC,6/23/2020,9685.69,9720.0,9577.03,9624.89,41031.02938
BTC,6/24/2020,9624.33,9670.0,9208.0,9296.49,61571.56146
BTC,6/25/2020,9298.33,9340.0,9009.69,9249.49,55831.61916
BTC,6/26/2020,9249.49,9298.0,9045.45,9162.21,50292.29828
BTC,6/27/2020,9162.21,9196.24,8833.0,9012.0,46290.93011
BTC,6/28/2020,9012.0,9191.0,8948.06,9116.35,30688.17642
BTC,6/29/2020,9116.16,9238.0,9024.67,9192.56,42120.29326
BTC,6/30/2020,9192.93,9205.0,9064.89,9138.55,31463.1628
BTC,7/1/2020,9138.08,9292.0,9080.1,9232.0,38488.5287
BTC,7/2/2020,9231.99,9261.96,8940.0,9086.54,45725.16808
BTC,7/3/2020,9086.54,9125.0,9037.47,9058.26,28943.42018
BTC,7/4/2020,9057.79,9190.0,9040.04,9135.46,26441.96848
BTC,7/5/2020,9135.0,9145.24,8893.03,9069.41,34073.65363
BTC,7/6/2020,9069.41,9375.0,9055.92,9344.2,54463.13228
BTC,7/7/2020,9342.47,9379.42,9203.0,9257.39,34587.33668
BTC,7/8/2020,9257.4,9470.0,9231.0,9436.06,56140.51778
BTC,7/9/2020,9436.06,9440.79,9160.0,9232.43,48044.45065
BTC,7/10/2020,9232.42,9317.48,9125.0,9288.34,38295.49401
BTC,7/11/2020,9288.34,9299.28,9178.25,9234.03,22561.366
BTC,7/12/2020,9234.02,9345.0,9157.5,9302.75,30872.70229
BTC,7/13/2020,9303.31,9343.82,9200.89,9242.62,42740.06912
BTC,7/14/2020,9242.61,9279.54,9113.0,9255.85,45772.55251
BTC,7/15/2020,9255.85,9276.49,9160.57,9197.6,39053.57967
BTC,7/16/2020,9197.6,9226.15,9047.25,9133.72,43375.57119
BTC,7/17/2020,9133.72,9186.83,9089.81,9154.32,28054.35874
BTC,7/18/2020,9154.31,9219.3,9121.1,9170.28,22554.54146
BTC,7/19/2020,9170.3,9232.27,9101.35,9208.99,26052.01942
BTC,7/20/2020,9208.99,9221.52,9131.0,9160.78,35458.76408
BTC,7/21/2020,9160.78,9437.73,9152.8,9390.0,60413.58249
BTC,7/22/2020,9390.0,9544.0,9261.0,9518.16,48815.00411
BTC,7/23/2020,9518.16,9664.0,9440.33,9603.27,51856.2335
BTC,7/24/2020,9603.27,9637.0,9463.44,9537.8,43931.13621
BTC,7/25/2020,9538.1,9732.9,9513.0,9700.42,40679.54542
BTC,7/26/2020,9700.42,10111.0,9650.0,9931.54,65279.26932
BTC,7/27/2020,9931.54,11394.86,9917.21,11029.96,150188.9331
BTC,7/28/2020,11029.96,11242.23,10565.0,10906.27,97267.73419
BTC,7/29/2020,10906.27,11342.82,10812.0,11100.53,76838.09423
BTC,7/30/2020,11100.52,11170.0,10831.0,11099.61,60794.82646
BTC,7/31/2020,11099.79,11444.0,10960.0,11335.46,70063.66097
BTC,8/1/2020,11335.46,11861.0,11220.0,11801.17,85087.48513
BTC,8/2/2020,11801.17,12123.46,10518.5,11071.35,97553.0776
BTC,8/3/2020,11071.36,11473.0,10936.0,11219.81,56931.84148
BTC,8/4/2020,11219.68,11414.98,11000.0,11191.97,58629.11371
BTC,8/5/2020,11191.99,11780.93,11093.0,11744.91,74970.25685
BTC,8/6/2020,11744.91,11900.0,11562.5,11762.46,63529.08502
BTC,8/7/2020,11762.47,11909.94,11322.0,11594.23,65755.92602
BTC,8/8/2020,11594.36,11808.27,11512.0,11761.41,41858.16104
BTC,8/9/2020,11761.02,11797.11,11521.97,11681.68,41493.06734
BTC,8/10/2020,11681.69,12067.35,11450.0,11892.92,84952.33789
BTC,8/11/2020,11892.9,11935.0,11125.0,11392.08,90748.28463
BTC,8/12/2020,11392.09,11617.52,11150.0,11564.33,64909.61364
BTC,8/13/2020,11564.34,11792.96,11270.36,11780.0,70132.4915
BTC,8/14/2020,11779.77,11850.0,11634.03,11760.54,59818.8527
BTC,8/15/2020,11760.55,11980.0,11680.0,11852.4,56237.90505
BTC,8/16/2020,11852.4,11931.72,11686.0,11911.0,41368.23691
BTC,8/17/2020,11910.99,12468.0,11769.78,12281.13,84734.21154
BTC,8/18/2020,12281.15,12387.77,11817.93,11945.01,75923.83553
BTC,8/19/2020,11945.1,12020.08,11561.0,11754.59,73940.16961
BTC,8/20/2020,11754.38,11888.0,11668.0,11853.55,46085.25435
BTC,8/21/2020,11853.54,11878.0,11485.81,11531.34,64448.30614
BTC,8/22/2020,11531.23,11686.0,11376.81,11662.96,43678.70165
BTC,8/23/2020,11663.51,11718.07,11514.13,11648.13,37900.00469
BTC,8/24/2020,11648.12,11824.9,11585.09,11748.2,46212.39187
BTC,8/25/2020,11748.19,11767.85,11117.64,11318.42,69590.92327
BTC,8/26/2020,11318.42,11539.32,11244.0,11461.43,53998.23123
BTC,8/27/2020,11461.42,11592.2,11125.0,11330.38,63246.03638
BTC,8/28/2020,11330.38,11542.65,11276.89,11526.91,45953.90837
BTC,8/29/2020,11526.9,11580.02,11417.04,11465.84,32973.7992
BTC,8/30/2020,11465.84,11719.0,11458.0,11711.16,43177.87905
BTC,8/31/2020,11711.17,11800.77,11570.0,11649.51,55353.61774
BTC,9/1/2020,11649.51,12050.85,11515.0,11921.97,78148.19367
BTC,9/2/2020,11921.97,11954.57,11160.1,11388.54,87221.8456
BTC,9/3/2020,11388.54,11462.6,9960.8,10140.85,121950.106
BTC,9/4/2020,10138.29,10627.05,9875.5,10446.25,92733.59911
BTC,9/5/2020,10446.25,10565.68,9825.0,10166.69,90001.60557
BTC,9/6/2020,10166.69,10347.14,9994.86,10256.2,56368.78882
BTC,9/7/2020,10255.89,10410.75,9875.0,10373.44,62620.23068
BTC,9/8/2020,10373.45,10438.0,9850.0,10126.65,73491.87842
BTC,9/9/2020,10126.66,10343.0,9981.01,10219.2,49347.11378
BTC,9/10/2020,10219.29,10483.35,10070.83,10336.87,58253.75375
BTC,9/11/2020,10336.86,10397.6,10200.0,10387.89,43830.25447
BTC,9/12/2020,10387.89,10477.97,10269.25,10440.92,35379.1531
BTC,9/13/2020,10440.67,10580.11,10200.0,10332.83,43837.60987
BTC,9/14/2020,10332.84,10750.0,10212.34,10671.77,67059.29136
BTC,9/15/2020,10671.77,10930.04,10606.48,10785.31,61822.45279
BTC,9/16/2020,10785.23,11093.0,10661.22,10954.01,64991.51244
BTC,9/17/2020,10954.01,11045.46,10745.83,10939.99,55601.61453
BTC,9/18/2020,10940.0,11038.03,10812.84,10933.39,47266.72828
BTC,9/19/2020,10933.4,11179.79,10887.37,11080.65,38440.03686
BTC,9/20/2020,11080.64,11080.64,10723.0,10920.28,39157.92257
BTC,9/21/2020,10920.28,10988.86,10296.35,10417.22,70683.43118
BTC,9/22/2020,10417.22,10572.71,10353.0,10529.61,43991.23548
BTC,9/23/2020,10529.61,10537.15,10136.82,10241.46,51876.56808
BTC,9/24/2020,10241.46,10795.24,10190.93,10736.32,57676.61943
BTC,9/25/2020,10736.33,10760.53,10556.24,10686.67,48101.11701
BTC,9/26/2020,10686.57,10820.94,10644.68,10728.6,28420.83666
BTC,9/27/2020,10728.59,10799.0,10594.82,10774.25,30549.48325
BTC,9/28/2020,10774.26,10950.0,10626.0,10696.12,50095.25173
BTC,9/29/2020,10696.11,10867.54,10635.87,10840.48,41874.8984
BTC,9/30/2020,10840.58,10849.34,10665.13,10776.59,39596.02732
BTC,10/1/2020,10776.59,10920.0,10437.0,10619.13,60866.33289
BTC,10/2/2020,10619.13,10664.64,10374.0,10570.4,50130.39371
BTC,10/3/2020,10570.4,10603.56,10496.46,10542.06,22298.22134
BTC,10/4/2020,10542.07,10696.87,10517.87,10666.63,23212.0016
BTC,10/5/2020,10666.62,10798.0,10615.64,10792.21,34025.76165
BTC,10/6/2020,10792.2,10800.0,10525.0,10599.66,48674.74047
BTC,10/7/2020,10599.65,10681.87,10546.17,10666.39,32811.99028
BTC,10/8/2020,10666.4,10950.0,10530.41,10925.57,51959.69157
BTC,10/9/2020,10925.44,11104.64,10829.0,11050.64,48240.07324
BTC,10/10/2020,11050.64,11491.0,11050.51,11293.22,43648.03694
BTC,10/11/2020,11293.22,11445.0,11221.0,11369.02,29043.85134
BTC,10/12/2020,11369.02,11720.01,11172.0,11528.25,52825.28371
BTC,10/13/2020,11528.24,11557.0,11300.0,11420.56,42205.28371
BTC,10/14/2020,11420.57,11547.98,11280.0,11417.89,41415.10602
BTC,10/15/2020,11417.89,11617.34,11250.83,11505.12,48760.71768
BTC,10/16/2020,11505.13,11541.15,11200.0,11319.32,48797.7495
BTC,10/17/2020,11319.24,11402.42,11255.0,11360.2,22368.91524
BTC,10/18/2020,11360.31,11505.0,11346.22,11503.14,23284.04119
BTC,10/19/2020,11503.14,11823.99,11407.96,11751.47,47414.53469
BTC,10/20/2020,11751.46,12038.38,11677.59,11909.99,62134.75066
BTC,10/21/2020,11910.0,13217.68,11886.95,12780.96,114584.4568
BTC,10/22/2020,12780.75,13185.0,12678.08,12968.52,70038.82414
BTC,10/23/2020,12968.84,13027.69,12720.08,12923.07,50386.99984
BTC,10/24/2020,12923.06,13166.73,12870.0,13111.73,35952.20907
BTC,10/25/2020,13111.73,13350.0,12888.0,13028.83,38481.5795
BTC,10/26/2020,13029.64,13238.81,12765.0,13052.19,60951.67299
BTC,10/27/2020,13052.15,13789.29,13019.87,13636.17,80811.01945
BTC,10/28/2020,13636.16,13859.48,12888.0,13266.4,94440.56123
BTC,10/29/2020,13266.4,13642.91,12920.77,13455.7,74872.60213
BTC,10/30/2020,13455.69,13669.98,13115.0,13560.1,70657.77888
BTC,10/31/2020,13560.1,14100.0,13411.5,13791.0,67339.23852
BTC,11/1/2020,13791.0,13895.0,13603.0,13761.5,36285.64853
BTC,11/2/2020,13761.49,13830.0,13195.05,13549.37,64566.42191
BTC,11/3/2020,13549.63,14066.11,13284.99,14023.53,74115.63079
BTC,11/4/2020,14023.53,14259.0,13525.0,14144.01,93016.98826
BTC,11/5/2020,14144.01,15750.0,14093.56,15590.02,143741.5227
BTC,11/6/2020,15590.02,15960.0,15166.0,15579.92,122618.1977
BTC,11/7/2020,15579.93,15753.52,14344.22,14818.3,101431.2066
BTC,11/8/2020,14818.3,15650.0,14703.88,15475.1,65547.17857
BTC,11/9/2020,15475.1,15840.0,14805.54,15328.41,108976.3341
BTC,11/10/2020,15328.41,15460.0,15072.46,15297.21,61681.91961
BTC,11/11/2020,15297.21,15965.0,15272.68,15684.24,78469.74646
BTC,11/12/2020,15684.25,16340.7,15440.64,16291.86,102196.3566
BTC,11/13/2020,16291.85,16480.0,15952.35,16320.7,75691.88101
BTC,11/14/2020,16320.04,16326.99,15670.0,16070.45,59116.34718
BTC,11/15/2020,16069.56,16180.0,15774.72,15957.0,43596.84151
BTC,11/16/2020,15957.0,16880.0,15864.0,16713.57,81300.67592
BTC,11/17/2020,16713.08,17858.82,16538.0,17659.38,115221.4031
BTC,11/18/2020,17659.38,18476.93,17214.45,17776.12,149019.7881
BTC,11/19/2020,17777.75,18179.8,17335.65,17802.82,93009.56101
BTC,11/20/2020,17802.81,18815.22,17740.04,18655.67,88423.01849
BTC,11/21/2020,18655.66,18965.9,18308.58,18703.8,75577.45839
BTC,11/22/2020,18703.8,18750.0,17610.86,18414.43,81645.73778
BTC,11/23/2020,18413.88,18766.0,18000.0,18368.0,82961.50609
BTC,11/24/2020,18368.01,19418.97,18018.0,19160.01,113581.5092
BTC,11/25/2020,19160.0,19484.21,18500.27,18719.11,93266.57689
BTC,11/26/2020,18718.83,18915.03,16188.0,17149.47,181005.2467
BTC,11/27/2020,17149.47,17457.62,16438.08,17139.52,85297.02479
BTC,11/28/2020,17139.53,17880.49,16865.56,17719.85,64910.69997
BTC,11/29/2020,17719.84,18360.05,17517.0,18184.99,55329.0163
BTC,11/30/2020,18185.0,19863.16,18184.99,19695.87,115463.4669
BTC,12/1/2020,19695.87,19888.0,18001.12,18764.96,127698.7627
BTC,12/2/2020,18764.96,19342.0,18330.0,19204.09,75911.01348
BTC,12/3/2020,19204.08,19598.0,18867.2,19421.9,66689.39128
BTC,12/4/2020,19422.34,19527.0,18565.31,18650.52,71283.6682
BTC,12/5/2020,18650.51,19177.0,18500.0,19147.66,42922.74857
BTC,12/6/2020,19147.66,19420.0,18857.0,19359.4,37043.09186
BTC,12/7/2020,19358.67,19420.91,18902.88,19166.9,41372.29629
BTC,12/8/2020,19166.9,19294.84,18200.0,18324.11,61626.94761
BTC,12/9/2020,18324.11,18639.57,17650.0,18541.28,79585.5538
BTC,12/10/2020,18541.29,18557.32,17911.12,18254.63,52890.67509
BTC,12/11/2020,18254.81,18292.73,17572.33,18036.53,72610.72426
BTC,12/12/2020,18036.53,18948.66,18020.7,18808.69,49519.97843
BTC,12/13/2020,18808.69,19411.0,18711.12,19174.99,56560.82174
BTC,12/14/2020,19174.99,19349.0,19000.0,19273.14,47257.20129
BTC,12/15/2020,19273.69,19570.0,19050.0,19426.43,61834.36601
BTC,12/16/2020,19426.43,21560.0,19278.6,21335.52,114306.3356
BTC,12/17/2020,21335.52,23800.0,21230.0,22797.16,184882.4767
BTC,12/18/2020,22797.15,23285.18,22350.0,23107.39,79646.13432
BTC,12/19/2020,23107.39,24171.47,22750.0,23821.61,86045.06468
BTC,12/20/2020,23821.6,24295.0,23060.0,23455.52,76690.14569
BTC,12/21/2020,23455.54,24102.77,21815.0,22719.71,88030.29724
BTC,12/22/2020,22719.88,23837.1,22353.4,23810.79,87033.12616
BTC,12/23/2020,23810.79,24100.0,22600.0,23232.76,119047.2597
BTC,12/24/2020,23232.39,23794.43,22703.42,23729.2,69013.83425
BTC,12/25/2020,23728.99,24789.86,23433.6,24712.47,79519.94357
BTC,12/26/2020,24712.47,26867.03,24500.0,26493.39,97806.51339
BTC,12/27/2020,26493.4,28422.0,25700.0,26281.66,148455.5862
BTC,12/28/2020,26281.54,27500.0,26101.0,27079.41,79721.7425
BTC,12/29/2020,27079.42,27410.0,25880.0,27385.0,69411.59261
BTC,12/30/2020,27385.0,28996.0,27320.0,28875.54,95356.05783
BTC,12/31/2020,28875.55,29300.0,27850.0,28923.63,75508.50515
BTC,1/1/2021,28923.63,29600.0,28624.57,29331.69,54182.92501
BTC,1/2/2021,29331.7,33300.0,28946.53,32178.33,129993.8734
BTC,1/3/2021,32176.45,34778.11,31962.99,33000.05,120957.5668
BTC,1/4/2021,33000.05,33600.0,28130.0,31988.71,140899.8857
BTC,1/5/2021,31989.75,34360.0,29900.0,33949.53,116049.997
BTC,1/6/2021,33949.53,36939.21,33288.0,36769.36,127139.2013
BTC,1/7/2021,36769.36,40365.0,36300.0,39432.28,132825.7004
BTC,1/8/2021,39432.48,41950.0,36500.0,40582.81,139789.9575
BTC,1/9/2021,40586.96,41380.0,38720.0,40088.22,75785.97968
BTC,1/10/2021,40088.22,41350.0,35111.11,38150.02,118209.5445
BTC,1/11/2021,38150.02,38264.74,30420.0,35404.47,251156.1383
BTC,1/12/2021,35410.37,36628.0,32531.0,34051.24,133948.152
BTC,1/13/2021,34049.15,37850.0,32380.0,37371.38,124477.9149
BTC,1/14/2021,37371.38,40100.0,36701.23,39144.5,102950.3894
BTC,1/15/2021,39145.21,39747.76,34408.0,36742.22,118300.9209
BTC,1/16/2021,36737.43,37950.0,35357.8,35994.98,86348.43151
BTC,1/17/2021,35994.98,36852.5,33850.0,35828.61,80157.72738
BTC,1/18/2021,35824.99,37469.83,34800.0,36631.27,70698.11875
BTC,1/19/2021,36622.46,37850.0,35844.06,35891.49,79611.30777
BTC,1/20/2021,35901.94,36415.31,33400.0,35468.23,89368.42292
BTC,1/21/2021,35468.23,35600.0,30071.0,30850.13,135004.0767
BTC,1/22/2021,30851.99,33826.53,28850.0,32945.17,142971.684
BTC,1/23/2021,32950.0,33456.0,31390.16,32078.0,64595.28768
BTC,1/24/2021,32078.0,33071.0,30900.0,32259.9,57978.03797
BTC,1/25/2021,32259.45,34875.0,31910.0,32254.2,88499.22692
BTC,1/26/2021,32254.19,32921.88,30837.37,32467.77,84972.20691
BTC,1/27/2021,32464.01,32557.29,29241.72,30366.15,95911.96171
BTC,1/28/2021,30362.19,33783.98,29842.1,33364.86,92621.14562
BTC,1/29/2021,33368.18,38531.9,31915.4,34252.2,231827.0056
BTC,1/30/2021,34246.28,34933.0,32825.0,34262.88,84889.68134
BTC,1/31/2021,34262.89,34342.69,32171.67,33092.98,68742.28038
BTC,2/1/2021,33092.97,34717.27,32296.16,33526.37,82718.27688
BTC,2/2/2021,33517.09,35984.33,33418.0,35466.24,78056.65988
BTC,2/3/2021,35472.71,37662.63,35362.38,37618.87,80784.33366
BTC,2/4/2021,37620.26,38708.27,36161.95,36936.66,92080.7359
BTC,2/5/2021,36936.65,38310.12,36570.0,38290.24,66681.33428
BTC,2/6/2021,38289.32,40955.51,38215.94,39186.94,98757.31118
BTC,2/7/2021,39181.01,39700.0,37351.0,38795.69,84363.67976
BTC,2/8/2021,38795.69,46794.45,37988.89,46374.87,138597.5369
BTC,2/9/2021,46374.86,48142.19,44961.09,46420.42,115499.8617
BTC,2/10/2021,46420.42,47310.0,43727.0,44807.58,97154.1822
BTC,2/11/2021,44807.58,48678.9,43994.02,47969.51,89561.08145
BTC,2/12/2021,47968.66,48985.8,46125.0,47287.6,85870.0357
BTC,2/13/2021,47298.15,48150.0,46202.53,47153.69,63768.0974
BTC,2/14/2021,47156.78,49707.43,47014.17,48577.79,73735.47553
BTC,2/15/2021,48580.47,49010.92,45570.79,47911.1,79398.15678
BTC,2/16/2021,47911.1,50689.18,47003.62,49133.45,88813.2663
BTC,2/17/2021,49133.45,52618.74,48947.0,52119.71,85743.63782
BTC,2/18/2021,52117.67,52530.0,50901.9,51552.6,60758.04695
BTC,2/19/2021,51552.61,56368.0,50710.2,55906.0,79659.77802
BTC,2/20/2021,55906.0,57700.46,53863.93,55841.19,80948.20531
BTC,2/21/2021,55841.19,58352.8,55477.59,57408.57,58166.70851
BTC,2/22/2021,57412.35,57508.47,47622.0,54087.67,134019.4349
BTC,2/23/2021,54087.67,54183.59,44892.56,48891.0,169375.0251
BTC,2/24/2021,48891.0,51374.99,46988.69,49676.2,91881.20925
BTC,2/25/2021,49676.21,52041.73,46674.34,47073.73,83310.67312
BTC,2/26/2021,47073.73,48424.11,44106.78,46276.87,109423.2007
BTC,2/27/2021,46276.88,48394.0,45000.0,46106.43,66060.83429
BTC,2/28/2021,46103.67,46638.46,43000.0,45135.66,83055.36904
BTC,3/1/2021,45134.11,49790.0,44950.53,49587.03,85086.11165
BTC,3/2/2021,49595.76,50200.0,47047.6,48440.65,64221.06214
BTC,3/3/2021,48436.61,52640.0,48100.71,50349.37,81035.91371
BTC,3/4/2021,50349.37,51773.88,47500.0,48374.09,82649.71683
BTC,3/5/2021,48374.09,49448.93,46300.0,48751.71,78192.49637
BTC,3/6/2021,48746.81,49200.0,47070.0,48882.2,44399.23424
BTC,3/7/2021,48882.2,51450.03,48882.2,50971.75,55235.02803
BTC,3/8/2021,50959.11,52402.78,49274.67,52375.17,66987.35966
BTC,3/9/2021,52375.18,54895.0,51789.41,54884.5,71656.73708
BTC,3/10/2021,54874.67,57387.69,53005.0,55851.59,84749.23894
BTC,3/11/2021,55851.59,58150.0,54272.82,57773.16,81914.81286
BTC,3/12/2021,57773.15,58081.51,54962.84,57221.72,73405.40605
BTC,3/13/2021,57221.72,61844.0,56078.23,61188.39,83245.09135
BTC,3/14/2021,61188.38,61724.79,58966.78,58968.31,52601.05275
BTC,3/15/2021,58976.08,60633.43,54600.0,55605.2,102771.4273
BTC,3/16/2021,55605.2,56938.29,53271.34,56900.75,77986.69436
BTC,3/17/2021,56900.74,58974.73,54123.69,58912.97,70421.62084
BTC,3/18/2021,58912.97,60129.97,57023.0,57648.16,66580.40668
BTC,3/19/2021,57641.0,59468.0,56270.74,58030.01,52392.65296
BTC,3/20/2021,58030.01,59880.0,57820.17,58102.28,44476.94178
BTC,3/21/2021,58100.02,58589.1,55450.11,57351.56,48564.47027
BTC,3/22/2021,57351.56,58430.73,53650.0,54083.25,62581.62617
BTC,3/23/2021,54083.25,55830.9,53000.0,54340.89,59789.36543
BTC,3/24/2021,54342.8,57200.0,51700.0,52303.65,83537.46502
BTC,3/25/2021,52303.66,53287.0,50427.56,51293.78,87400.53454
BTC,3/26/2021,51293.78,55073.46,51214.6,55025.59,63813.77469
BTC,3/27/2021,55025.59,56700.36,53950.0,55817.14,50105.47506
BTC,3/28/2021,55817.14,56559.75,54691.84,55777.63,39050.38751
BTC,3/29/2021,55777.65,58405.82,54800.01,57635.47,67857.9374
BTC,3/30/2021,57635.46,59368.0,57071.35,58746.57,55122.44312
BTC,3/31/2021,58746.57,59800.0,56769.0,58740.55,60975.54267
BTC,4/1/2021,58739.46,59490.0,57935.45,58720.44,47415.61722
BTC,4/2/2021,58720.45,60200.0,58428.57,58950.01,47382.41878
BTC,4/3/2021,58950.01,59791.72,56880.0,57051.94,47409.85211
BTC,4/4/2021,57051.95,58492.85,56388.0,58202.01,41314.08197
BTC,4/5/2021,58202.01,59272.0,56777.77,59129.99,54258.01579
BTC,4/6/2021,59129.99,59495.24,57413.02,57991.15,54201.00073
BTC,4/7/2021,57990.03,58655.0,55473.0,55953.45,71228.40566
BTC,4/8/2021,55953.44,58153.31,55700.0,58077.52,44283.14702
BTC,4/9/2021,58077.52,58894.9,57654.0,58142.54,40831.88491
BTC,4/10/2021,58142.55,61500.0,57900.01,59769.13,69906.42412
BTC,4/11/2021,59769.13,60699.0,59232.52,60002.43,41156.71539
BTC,4/12/2021,59998.8,61300.0,59350.59,59860.0,56375.03712
BTC,4/13/2021,59860.01,63777.77,59805.15,63575.0,82848.68875
BTC,4/14/2021,63575.01,64854.0,61301.0,62959.53,82616.34399
BTC,4/15/2021,62959.53,63800.0,62020.0,63159.98,51649.70034
BTC,4/16/2021,63158.74,63520.61,60000.0,61334.8,91764.13988
BTC,4/17/2021,61334.81,62506.05,59580.91,60006.66,58912.25613
BTC,4/18/2021,60006.67,60499.0,50931.3,56150.01,124882.1318
BTC,4/19/2021,56150.01,57526.81,54221.58,55633.14,78229.04227
BTC,4/20/2021,55633.14,57076.24,53329.96,56425.0,72744.48215
BTC,4/21/2021,56425.0,56757.91,53536.02,53787.63,66984.75691
BTC,4/22/2021,53787.62,55521.48,50500.0,51690.96,104656.6313
BTC,4/23/2021,51690.95,52131.85,47500.0,51125.14,132230.7807
BTC,4/24/2021,51110.56,51166.22,48657.14,50047.84,55361.51257
BTC,4/25/2021,50047.84,50567.91,46930.0,49066.77,58255.645
BTC,4/26/2021,49066.76,54356.62,48753.44,54001.39,86310.80212
BTC,4/27/2021,54001.38,55460.0,53222.0,55011.97,54064.03468
BTC,4/28/2021,55011.97,56428.0,53813.16,54846.22,55130.45902
BTC,4/29/2021,54846.23,55195.84,52330.94,53555.0,52486.01946
BTC,4/30/2021,53555.0,57963.0,53013.01,57694.27,68578.91005
BTC,5/1/2021,57697.25,58458.07,56956.14,57800.37,42600.35184
BTC,5/2/2021,57797.35,57911.02,56035.25,56578.21,36812.87886
BTC,5/3/2021,56578.21,58981.44,56435.0,57169.39,57649.93129
BTC,5/4/2021,57169.39,57200.0,53046.69,53200.01,85324.6259
BTC,5/5/2021,53205.05,58069.82,52900.0,57436.11,77263.92344
BTC,5/6/2021,57436.11,58360.0,55200.0,56393.68,70181.67191
BTC,5/7/2021,56393.68,58650.0,55241.63,57314.75,74542.74783
BTC,5/8/2021,57315.49,59500.0,56900.0,58862.05,69709.90603
BTC,5/9/2021,58866.53,59300.0,56235.66,58240.84,69806.11991
BTC,5/10/2021,58240.83,59500.0,53400.0,55816.14,89586.34925
BTC,5/11/2021,55816.14,56862.43,54370.0,56670.02,64329.54055
BTC,5/12/2021,56670.02,58000.01,48600.0,49631.32,99842.78984
BTC,5/13/2021,49537.15,51367.19,46000.0,49670.97,147332.0021
BTC,5/14/2021,49671.92,51483.0,48799.75,49841.45,80082.20431
BTC,5/15/2021,49844.16,50700.0,46555.0,46762.99,89437.44936
BTC,5/16/2021,46762.99,49795.89,43825.39,46431.5,114269.8128
BTC,5/17/2021,46426.83,46686.0,42001.0,43538.04,166657.1727
BTC,5/18/2021,43538.02,45799.29,42250.02,42849.78,116979.8608
BTC,5/19/2021,42849.78,43584.9,30000.0,36690.09,354347.2432
BTC,5/20/2021,36671.23,42451.67,34850.0,40526.64,203017.5969
BTC,5/21/2021,40525.39,42200.0,33488.0,37252.01,202100.8883
BTC,5/22/2021,37263.35,38829.0,35200.62,37449.73,126542.2437
BTC,5/23/2021,37458.51,38270.64,31111.01,34655.25,217136.0466
BTC,5/24/2021,34681.44,39920.0,34031.0,38796.29,161630.894
BTC,5/25/2021,38810.99,39791.77,36419.62,38324.72,111996.2284
BTC,5/26/2021,38324.72,40841.0,37800.44,39241.91,104780.7734
BTC,5/27/2021,39241.92,40411.14,37134.27,38529.98,86547.15879
BTC,5/28/2021,38529.99,38877.83,34684.0,35663.49,135377.6297
BTC,5/29/2021,35661.79,37338.58,33632.76,34605.15,112663.0927
BTC,5/30/2021,34605.15,36488.0,33379.0,35641.27,73535.38697
BTC,5/31/2021,35641.26,37499.0,34153.84,37253.81,94160.73529
BTC,6/1/2021,37253.82,37894.81,35666.0,36693.09,81234.66377
BTC,6/2/2021,36694.85,38225.0,35920.0,37568.68,67587.3725
BTC,6/3/2021,37568.68,39476.0,37170.0,39246.79,75889.10601
BTC,6/4/2021,39246.78,39289.07,35555.15,36829.0,91317.79925
BTC,6/5/2021,36829.15,37925.0,34800.0,35513.2,70459.62149
BTC,6/6/2021,35516.07,36480.0,35222.0,35796.31,47650.20664
BTC,6/7/2021,35796.31,36900.0,33300.0,33552.79,77574.95257
BTC,6/8/2021,33556.96,34068.01,31000.0,33380.81,123251.189
BTC,6/9/2021,33380.8,37534.79,32396.82,37388.05,136607.5975
BTC,6/10/2021,37388.05,38491.0,35782.0,36675.72,109527.2849
BTC,6/11/2021,36677.83,37680.4,35936.77,37331.98,78466.0053
BTC,6/12/2021,37331.98,37463.63,34600.36,35546.11,87717.54999
BTC,6/13/2021,35546.12,39380.0,34757.0,39020.57,86921.02556
BTC,6/14/2021,39020.56,41064.05,38730.0,40516.29,108522.3919
BTC,6/15/2021,40516.28,41330.0,39506.4,40144.04,80679.62284
BTC,6/16/2021,40143.8,40527.14,38116.01,38349.01,87771.97694
BTC,6/17/2021,38349.0,39559.88,37365.0,38092.97,79541.30712
BTC,6/18/2021,38092.97,38202.84,35129.29,35819.84,95228.04294
BTC,6/19/2021,35820.48,36457.0,34803.52,35483.72,68712.44946
BTC,6/20/2021,35483.72,36137.72,33336.0,35600.16,89878.17085
BTC,6/21/2021,35600.17,35750.0,31251.23,31608.93,168778.8732
BTC,6/22/2021,31614.12,33298.78,28805.0,32509.56,204208.1798
BTC,6/23/2021,32509.56,34881.0,31683.0,33678.07,126966.1006
BTC,6/24/2021,33675.07,35298.0,32286.57,34663.09,86625.80426
BTC,6/25/2021,34663.08,35500.0,31275.0,31584.45,116061.1304
BTC,6/26/2021,31576.09,32730.0,30151.0,32283.65,107820.3753
BTC,6/27/2021,32283.65,34749.0,31973.45,34700.34,96613.24421
BTC,6/28/2021,34702.49,35297.71,33862.72,34494.89,82222.26782
BTC,6/29/2021,34494.89,36600.0,34225.43,35911.73,90788.79622
BTC,6/30/2021,35911.72,36100.0,34017.55,35045.0,77152.19763
BTC,7/1/2021,35045.0,35057.57,32711.0,33504.69,71708.26611
BTC,7/2/2021,33502.33,33977.04,32699.0,33786.55,56172.18138
BTC,7/3/2021,33786.54,34945.61,33316.73,34669.13,43044.57864
BTC,7/4/2021,34669.12,35967.85,34357.15,35286.51,43703.47579
BTC,7/5/2021,35288.13,35293.78,33125.55,33690.14,64123.87425
BTC,7/6/2021,33690.15,35118.88,33532.0,34220.01,58210.59635
BTC,7/7/2021,34220.02,35059.09,33777.77,33862.12,53807.52168
BTC,7/8/2021,33862.11,33929.64,32077.0,32875.71,70136.48032
BTC,7/9/2021,32875.71,34100.0,32261.07,33815.81,47153.9399
BTC,7/10/2021,33815.81,34262.0,33004.78,33502.87,34761.17547
BTC,7/11/2021,33502.87,34666.0,33306.47,34258.99,31572.64745
BTC,7/12/2021,34259.0,34678.43,32658.34,33086.63,48181.40376
BTC,7/13/2021,33086.94,33340.0,32202.25,32729.77,41126.36101
BTC,7/14/2021,32729.12,33114.03,31550.0,32820.02,46777.82348
BTC,7/15/2021,32820.03,33185.25,31133.0,31880.0,51639.57635
BTC,7/16/2021,31874.49,32249.18,31020.0,31383.87,48499.86415
BTC,7/17/2021,31383.86,31955.92,31164.31,31520.07,34012.24213
BTC,7/18/2021,31520.07,32435.0,31108.97,31778.56,35923.71619
BTC,7/19/2021,31778.57,31899.0,30407.44,30839.65,47340.4685
BTC,7/20/2021,30839.65,31063.07,29278.0,29790.35,61034.04902
BTC,7/21/2021,29790.34,32858.0,29482.61,32144.51,82796.26513
BTC,7/22/2021,32144.51,32591.35,31708.0,32287.83,46148.09243
BTC,7/23/2021,32287.58,33650.0,31924.32,33634.09,50112.86363
BTC,7/24/2021,33634.1,34500.0,33401.14,34258.14,47977.55014
BTC,7/25/2021,34261.51,35398.0,33851.12,35381.02,47852.92831
BTC,7/26/2021,35381.02,40550.0,35205.78,37237.6,152452.5127
BTC,7/27/2021,37241.33,39542.61,36383.0,39457.87,88397.26702
BTC,7/28/2021,39456.61,40900.0,38772.0,40019.56,101344.5284
BTC,7/29/2021,40019.57,40640.0,39200.0,40016.48,53998.43928
BTC,7/30/2021,40018.49,42316.71,38313.23,42206.37,73602.78481
BTC,7/31/2021,42206.36,42448.0,41000.15,41461.83,44849.79101
BTC,8/1/2021,41461.84,42599.0,39422.01,39845.44,53953.18633
BTC,8/2/2021,39850.27,40480.01,38690.0,39147.82,50837.35195
BTC,8/3/2021,39146.86,39780.0,37642.03,38207.05,57117.43585
BTC,8/4/2021,38207.04,39969.66,37508.56,39723.18,52329.35243
BTC,8/5/2021,39723.17,41350.0,37332.7,40862.46,84343.75562
BTC,8/6/2021,40862.46,43392.43,39853.86,42836.87,75753.94135
BTC,8/7/2021,42836.87,44700.0,42446.41,44572.54,73396.74081
BTC,8/8/2021,44572.54,45310.0,43261.0,43794.37,69329.0927
BTC,8/9/2021,43794.36,46454.15,42779.0,46253.4,74587.88485
BTC,8/10/2021,46248.87,46700.0,44589.46,45584.99,53814.64342
BTC,8/11/2021,45585.0,46743.47,45341.14,45511.0,52734.90198
BTC,8/12/2021,45510.67,46218.12,43770.0,44399.0,55266.10878
BTC,8/13/2021,44400.06,47886.0,44217.39,47800.0,48239.37043
BTC,8/14/2021,47799.99,48144.0,45971.03,47068.51,46114.35902
BTC,8/15/2021,47068.5,47372.27,45500.0,46973.82,42110.71133
BTC,8/16/2021,46973.82,48053.83,45660.0,45901.29,52480.57401
BTC,8/17/2021,45901.3,47160.0,44376.0,44695.95,57039.34163
BTC,8/18/2021,44695.95,46000.0,44203.28,44705.29,54099.41599
BTC,8/19/2021,44699.37,47033.0,43927.7,46760.62,53411.75392
BTC,8/20/2021,46760.62,49382.99,46622.99,49322.47,56850.35223
BTC,8/21/2021,49322.47,49757.04,48222.0,48821.87,46745.13658
BTC,8/22/2021,48821.88,49500.0,48050.0,49239.22,37007.8878
BTC,8/23/2021,49239.22,50500.0,49029.0,49488.85,52462.54195
BTC,8/24/2021,49488.85,49860.0,47600.0,47674.01,51014.59475
BTC,8/25/2021,47674.01,49264.3,47126.28,48973.32,44655.83034
BTC,8/26/2021,48973.32,49352.84,46250.0,46843.87,49371.27777
BTC,8/27/2021,46843.86,49149.93,46348.0,49069.9,42068.10497
BTC,8/28/2021,49069.9,49299.0,48346.88,48895.35,26681.06379
BTC,8/29/2021,48895.35,49632.27,47762.54,48767.83,32652.28347
BTC,8/30/2021,48767.84,48888.61,46853.0,46982.91,40288.35083
BTC,8/31/2021,46982.91,48246.11,46700.0,47100.89,48645.52737
BTC,9/1/2021,47100.89,49156.0,46512.0,48810.52,49904.65528
BTC,9/2/2021,48810.51,50450.13,48584.06,49246.64,54410.77054
BTC,9/3/2021,49246.63,51000.0,48316.84,49999.14,59025.64416
BTC,9/4/2021,49998.0,50535.69,49370.0,49915.64,34664.65959
BTC,9/5/2021,49917.54,51900.0,49450.0,51756.88,40544.83587
BTC,9/6/2021,51756.88,52780.0,50969.33,52663.9,49249.66708
BTC,9/7/2021,52666.2,52920.0,42843.05,46863.73,123048.8027
BTC,9/8/2021,46868.57,47340.99,44412.02,46048.31,65069.3152
BTC,9/9/2021,46048.31,47399.97,45513.08,46395.14,50651.66002
BTC,9/10/2021,46395.14,47033.0,44132.29,44850.91,49048.26618
BTC,9/11/2021,44842.2,45987.93,44722.22,45173.69,30440.4081
BTC,9/12/2021,45173.68,46460.0,44742.06,46025.24,32094.28052
BTC,9/13/2021,46025.23,46880.0,43370.0,44940.73,65429.15056
BTC,9/14/2021,44940.72,47250.0,44594.44,47111.52,44855.85099
BTC,9/15/2021,47103.28,48500.0,46682.32,48121.41,43204.71174
BTC,9/16/2021,48121.4,48557.0,47021.1,47737.82,40725.08895
BTC,9/17/2021,47737.81,48150.0,46699.56,47299.98,34461.92776
BTC,9/18/2021,47299.98,48843.2,47035.56,48292.74,30906.47038
BTC,9/19/2021,48292.75,48372.83,46829.18,47241.75,29847.24349
BTC,9/20/2021,47241.75,47347.25,42500.0,43015.62,78003.52444
BTC,9/21/2021,43016.64,43639.0,39600.0,40734.38,84534.08049
BTC,9/22/2021,40734.09,44000.55,40565.39,43543.61,58349.05542
BTC,9/23/2021,43546.37,44978.0,43069.09,44865.26,48699.57655
BTC,9/24/2021,44865.26,45200.0,40675.0,42810.57,84113.42629
BTC,9/25/2021,42810.58,42966.84,41646.28,42670.64,33594.57189
BTC,9/26/2021,42670.63,43950.0,40750.0,43160.9,49879.99765
BTC,9/27/2021,43160.9,44350.0,42098.0,42147.35,39776.84383
BTC,9/28/2021,42147.35,42787.38,40888.0,41026.54,43372.2624
BTC,9/29/2021,41025.01,42590.0,40753.88,41524.28,33511.53487
BTC,9/30/2021,41524.29,44141.37,41410.17,43824.1,46381.22781
BTC,10/1/2021,43820.01,48495.0,43283.03,48141.61,66244.87492
BTC,10/2/2021,48141.6,48336.59,47430.18,47634.9,30508.98131
BTC,10/3/2021,47634.89,49228.08,47088.0,48200.01,30825.05601
BTC,10/4/2021,48200.01,49536.12,46891.0,49224.94,46796.49372
BTC,10/5/2021,49224.93,51886.3,49022.4,51471.99,52125.66793
BTC,10/6/2021,51471.99,55750.0,50382.41,55315.0,79877.54518
BTC,10/7/2021,55315.0,55332.31,53357.0,53785.22,54917.37766
BTC,10/8/2021,53785.22,56100.0,53617.61,53951.43,46160.25785
BTC,10/9/2021,53955.67,55489.0,53661.67,54949.72,55177.08013
BTC,10/10/2021,54949.72,56561.31,54080.0,54659.0,89237.83613
BTC,10/11/2021,54659.01,57839.04,54415.06,57471.35,52933.16575
BTC,10/12/2021,57471.35,57680.0,53879.0,55996.93,53471.2855
BTC,10/13/2021,55996.91,57777.0,54167.19,57367.0,55808.44492
BTC,10/14/2021,57370.83,58532.54,56818.05,57347.94,43053.33678
BTC,10/15/2021,57347.94,62933.0,56850.0,61672.42,82512.90802
BTC,10/16/2021,61672.42,62378.42,60150.0,60875.57,35467.88096
BTC,10/17/2021,60875.57,61718.39,58963.0,61528.33,39099.24124
BTC,10/18/2021,61528.32,62695.78,59844.45,62009.84,51798.44844
BTC,10/19/2021,62005.6,64486.0,61322.22,64280.59,53628.10774
BTC,10/20/2021,64280.59,67000.0,63481.4,66001.41,51428.93486
BTC,10/21/2021,66001.4,66639.74,62000.0,62193.15,68538.64537
BTC,10/22/2021,62193.15,63732.39,60000.0,60688.22,52119.35886
BTC,10/23/2021,60688.23,61747.64,59562.15,61286.75,27626.93678
BTC,10/24/2021,61286.75,61500.0,59510.63,60852.22,31226.57676
BTC,10/25/2021,60852.22,63710.63,60650.0,63078.78,36853.83806
BTC,10/26/2021,63078.78,63293.48,59817.55,60328.81,40217.50083
BTC,10/27/2021,60328.81,61496.0,58000.0,58413.44,62124.49016
BTC,10/28/2021,58413.44,62499.0,57820.0,60575.89,61056.35301
BTC,10/29/2021,60575.9,62980.0,60174.81,62253.71,43973.90414
BTC,10/30/2021,62253.7,62359.25,60673.0,61859.19,31478.12566
BTC,10/31/2021,61859.19,62405.3,59945.36,61299.8,39267.63794
BTC,11/1/2021,61299.81,62437.74,59405.0,60911.11,44687.66672
BTC,11/2/2021,60911.12,64270.0,60624.68,63219.99,46368.2841
BTC,11/3/2021,63220.57,63500.0,60382.76,62896.48,43336.09049
BTC,11/4/2021,62896.49,63086.31,60677.01,61395.01,35930.93314
BTC,11/5/2021,61395.01,62595.72,60721.0,60937.12,31604.48749
BTC,11/6/2021,60940.18,61560.49,60050.0,61470.61,25590.57408
BTC,11/7/2021,61470.62,63286.35,61322.78,63273.59,25515.6883
BTC,11/8/2021,63273.58,67789.0,63273.58,67525.83,54442.09455
BTC,11/9/2021,67525.82,68524.25,66222.4,66947.66,44661.37807
BTC,11/10/2021,66947.67,69000.0,62822.9,64882.43,65171.50405
BTC,11/11/2021,64882.42,65600.07,64100.0,64774.26,37237.98058
BTC,11/12/2021,64774.25,65450.7,62278.0,64122.23,44490.10816
BTC,11/13/2021,64122.22,65000.0,63360.22,64380.0,22504.97383
BTC,11/14/2021,64380.01,65550.51,63576.27,65519.1,25705.07347
BTC,11/15/2021,65519.11,66401.82,63400.0,63606.74,37829.37124
BTC,11/16/2021,63606.73,63617.31,58574.07,60058.87,77455.15609
BTC,11/17/2021,60058.87,60840.23,58373.0,60344.87,46289.38491
BTC,11/18/2021,60344.86,60976.0,56474.26,56891.62,62146.99931
BTC,11/19/2021,56891.62,58320.0,55600.0,58052.24,50715.88726
BTC,11/20/2021,58057.1,59845.0,57353.0,59707.51,33811.5901
BTC,11/21/2021,59707.52,60029.76,58486.65,58622.02,31902.22785
BTC,11/22/2021,58617.7,59444.0,55610.0,56247.18,51724.32047
BTC,11/23/2021,56243.83,58009.99,55317.0,57541.27,49917.85017
BTC,11/24/2021,57541.26,57735.0,55837.0,57138.29,39612.04964
BTC,11/25/2021,57138.29,59398.9,57000.0,58960.36,42153.51522
BTC,11/26/2021,58960.37,59150.0,53500.0,53726.53,65927.87066
BTC,11/27/2021,53723.72,55280.0,53610.0,54721.03,29716.99957
BTC,11/28/2021,54716.47,57445.05,53256.64,57274.88,36163.7137
BTC,11/29/2021,57274.89,58865.97,56666.67,57776.25,40125.28009
BTC,11/30/2021,57776.25,59176.99,55875.55,56950.56,49161.05194
BTC,12/1/2021,56950.56,59053.55,56458.01,57184.07,44956.63656
BTC,12/2/2021,57184.07,57375.47,55777.77,56480.34,37574.05976
BTC,12/3/2021,56484.26,57600.0,51680.0,53601.05,58927.69027
BTC,12/4/2021,53601.05,53859.1,42000.3,49152.47,114203.3737
BTC,12/5/2021,49152.46,49699.05,47727.21,49396.33,45580.82012
BTC,12/6/2021,49396.32,50891.11,47100.0,50441.92,58571.21575
BTC,12/7/2021,50441.91,51936.33,50039.74,50588.95,38253.46877
BTC,12/8/2021,50588.95,51200.0,48600.0,50471.19,38425.92466
BTC,12/9/2021,50471.19,50797.76,47320.0,47545.59,37692.68665
BTC,12/10/2021,47535.9,50125.0,46852.0,47140.54,44233.57391
BTC,12/11/2021,47140.54,49485.71,46751.0,49389.99,28889.19358
BTC,12/12/2021,49389.99,50777.0,48638.0,50053.9,26017.93421
BTC,12/13/2021,50053.9,50189.97,45672.75,46702.75,50869.52093
BTC,12/14/2021,46702.76,48700.41,46290.0,48343.28,39955.98445
BTC,12/15/2021,48336.95,49500.0,46547.0,48864.98,51629.181
BTC,12/16/2021,48864.98,49436.43,47511.0,47632.38,31949.86739
BTC,12/17/2021,47632.38,47995.96,45456.0,46131.2,43104.4887
BTC,12/18/2021,46133.83,47392.37,45500.0,46834.48,25020.05271
BTC,12/19/2021,46834.47,48300.01,46406.91,46681.23,29305.70665
BTC,12/20/2021,46681.24,47537.57,45558.85,46914.16,35848.50609
BTC,12/21/2021,46914.17,49328.96,46630.0,48889.88,37713.92924
BTC,12/22/2021,48887.59,49576.13,48421.87,48588.16,27004.2022
BTC,12/23/2021,48588.17,51375.0,47920.42,50838.81,35192.54046
BTC,12/24/2021,50838.82,51810.0,50384.43,50820.0,31684.84269
BTC,12/25/2021,50819.99,51156.23,50142.32,50399.66,19135.51613
BTC,12/26/2021,50399.67,51280.0,49412.0,50775.49,22569.88914
BTC,12/27/2021,50775.48,52088.0,50449.0,50701.44,28792.21566
BTC,12/28/2021,50701.44,50704.05,47313.01,47543.74,45853.33924
BTC,12/29/2021,47543.74,48139.08,46096.99,46464.66,39498.87
BTC,12/30/2021,46464.66,47900.0,45900.0,47120.87,30352.29569
BTC,12/31/2021,47120.88,48548.26,45678.0,46216.93,34937.99796
BTC,1/1/2022,46216.93,47954.63,46208.37,47722.65,19604.46325
BTC,1/2/2022,47722.66,47990.0,46654.0,47286.18,18340.4604
BTC,1/3/2022,47286.18,47570.0,45696.0,46446.1,27662.0771
BTC,1/4/2022,46446.1,47557.54,45500.0,45832.01,35491.4136
BTC,1/5/2022,45832.01,47070.0,42500.0,43451.13,51784.11857
BTC,1/6/2022,43451.14,43816.0,42430.58,43082.31,38880.37305
BTC,1/7/2022,43082.3,43145.83,40610.0,41566.48,54836.50818
BTC,1/8/2022,41566.48,42300.0,40501.0,41679.74,32952.73111
BTC,1/9/2022,41679.74,42786.7,41200.02,41864.62,22724.39426
BTC,1/10/2022,41864.62,42248.5,39650.0,41822.49,50729.17019
BTC,1/11/2022,41822.49,43100.0,41268.93,42729.29,37296.43729
BTC,1/12/2022,42729.29,44322.0,42450.0,43902.66,33943.2928
BTC,1/13/2022,43902.65,44500.0,42311.22,42560.11,34910.87762
BTC,1/14/2022,42558.35,43448.78,41725.95,43059.96,32640.88292
BTC,1/15/2022,43059.96,43800.0,42555.0,43084.29,21936.05616
BTC,1/16/2022,43084.29,43475.0,42581.79,43071.66,20602.35271
BTC,1/17/2022,43071.66,43176.18,41540.42,42201.62,27562.08613
BTC,1/18/2022,42201.63,42691.0,41250.0,42352.12,29324.08257
BTC,1/19/2022,42352.12,42559.13,41138.56,41660.01,31685.72159
BTC,1/20/2022,41660.0,43505.0,40553.31,40680.91,42330.33953
BTC,1/21/2022,40680.92,41100.0,35440.45,36445.31,88860.892
BTC,1/22/2022,36445.31,36835.22,34008.0,35071.42,90471.33896
BTC,1/23/2022,35071.42,36499.0,34601.01,36244.55,44279.52354
BTC,1/24/2022,36244.55,37550.0,32917.17,36660.35,91904.75321
BTC,1/25/2022,36660.35,37545.14,35701.0,36958.32,49232.40183
BTC,1/26/2022,36958.32,38919.98,36234.63,36809.34,69830.16036
BTC,1/27/2022,36807.24,37234.47,35507.01,37160.1,53020.87934
BTC,1/28/2022,37160.11,38000.0,36155.01,37716.56,42154.26956
BTC,1/29/2022,37716.57,38720.74,37268.44,38166.84,26129.49682
BTC,1/30/2022,38166.83,38359.26,37351.63,37881.76,21430.66527
BTC,1/31/2022,37881.75,38744.0,36632.61,38466.9,36855.2458
BTC,2/1/2022,38466.9,39265.2,38000.0,38694.59,34574.44663
BTC,2/2/2022,38694.59,38855.92,36586.95,36896.36,35794.6813
BTC,2/3/2022,36896.37,37387.0,36250.0,37311.61,32081.10999
BTC,2/4/2022,37311.98,41772.33,37026.73,41574.25,64703.95874
BTC,2/5/2022,41571.7,41913.69,40843.01,41382.59,32532.34372
BTC,2/6/2022,41382.6,42656.0,41116.56,42380.87,22405.16704
BTC,2/7/2022,42380.87,44500.5,41645.85,43839.99,51060.62006
BTC,2/8/2022,43839.99,45492.0,42666.0,44042.99,64880.29387
BTC,2/9/2022,44043.0,44799.0,43117.92,44372.72,34428.16729
BTC,2/10/2022,44372.71,45821.0,43174.01,43495.44,62357.29091
BTC,2/11/2022,43495.44,43920.0,41938.51,42373.73,44975.1687
BTC,2/12/2022,42373.73,43079.49,41688.88,42217.87,26556.85681
BTC,2/13/2022,42217.87,42760.0,41870.0,42053.66,17732.08113
BTC,2/14/2022,42053.65,42842.4,41550.56,42535.94,34010.1306
BTC,2/15/2022,42535.94,44751.4,42427.03,44544.86,38095.19576
BTC,2/16/2022,44544.85,44549.97,43307.0,43873.56,28471.8727
BTC,2/17/2022,43873.56,44164.71,40073.21,40515.7,47245.99494
BTC,2/18/2022,40515.71,40959.88,39450.0,39974.44,43845.92241
BTC,2/19/2022,39974.45,40444.32,39639.03,40079.17,18042.0551
BTC,2/20/2022,40079.17,40125.44,38000.0,38386.89,33439.29011
BTC,2/21/2022,38386.89,39494.35,36800.0,37008.16,62347.68496
BTC,2/22/2022,37008.16,38429.0,36350.0,38230.33,53785.94589
BTC,2/23/2022,38230.33,39249.93,37036.79,37250.01,43560.732
BTC,2/24/2022,37250.02,39843.0,34322.28,38327.21,120476.2946
BTC,2/25/2022,38328.68,39683.53,38014.37,39219.17,56574.57125
BTC,2/26/2022,39219.16,40348.45,38573.18,39116.72,29361.2568
BTC,2/27/2022,39116.73,39855.7,37000.0,37699.07,46229.44719
BTC,2/28/2022,37699.08,44225.84,37450.17,43160.0,73945.63858
BTC,3/1/2022,43160.0,44949.0,42809.98,44421.2,61743.09873
BTC,3/2/2022,44421.2,45400.0,43334.09,43892.98,57782.65081
BTC,3/3/2022,43892.99,44101.12,41832.28,42454.0,50940.61021
BTC,3/4/2022,42454.0,42527.3,38550.0,39148.66,61964.68498
BTC,3/5/2022,39148.65,39613.24,38407.59,39397.96,30363.13341
BTC,3/6/2022,39397.97,39693.87,38088.57,38420.81,39677.26158
BTC,3/7/2022,38420.8,39547.57,37155.0,37988.0,63994.11559
BTC,3/8/2022,37988.01,39362.08,37867.65,38730.63,55583.06638
BTC,3/9/2022,38730.63,42594.06,38656.45,41941.71,67392.58799
BTC,3/10/2022,41941.7,42039.63,38539.73,39422.0,71962.93154
BTC,3/11/2022,39422.01,40236.26,38223.6,38729.57,59018.7642
BTC,3/12/2022,38729.57,39486.71,38660.52,38807.36,24034.36432
BTC,3/13/2022,38807.35,39310.0,37578.51,37777.34,32791.82359
BTC,3/14/2022,37777.35,39947.12,37555.0,39671.37,46945.45375
BTC,3/15/2022,39671.37,39887.61,38098.33,39280.33,46015.54926
BTC,3/16/2022,39280.33,41718.0,38828.48,41114.0,88120.76167
BTC,3/17/2022,41114.01,41478.82,40500.0,40917.9,37189.38087
BTC,3/18/2022,40917.89,42325.02,40135.04,41757.51,45408.00969
BTC,3/19/2022,41757.51,42400.0,41499.29,42201.13,29067.18108
BTC,3/20/2022,42201.13,42296.26,40911.0,41262.11,30653.33468
BTC,3/21/2022,41262.11,41544.22,40467.94,41002.25,39426.24877
BTC,3/22/2022,41002.26,43361.0,40875.51,42364.13,59454.94294
BTC,3/23/2022,42364.13,43025.96,41751.47,42882.76,40828.87039
BTC,3/24/2022,42882.76,44220.89,42560.46,43991.46,56195.12374
BTC,3/25/2022,43991.46,45094.14,43579.0,44313.16,54614.43648
BTC,3/26/2022,44313.16,44792.99,44071.97,44511.27,23041.61741
BTC,3/27/2022,44511.27,46999.0,44421.46,46827.76,41874.91071
BTC,3/28/2022,46827.76,48189.84,46663.56,47122.21,58949.2614
BTC,3/29/2022,47122.21,48096.47,46950.85,47434.8,36772.28457
BTC,3/30/2022,47434.79,47700.22,46445.42,47067.99,40947.2085
BTC,3/31/2022,47067.99,47600.0,45200.0,45510.34,48645.12667
BTC,4/1/2022,45510.35,46720.09,44200.0,46283.49,56271.06474
BTC,4/2/2022,46283.49,47213.0,45620.0,45811.0,37073.53582
BTC,4/3/2022,45810.99,47444.11,45530.92,46407.35,33394.67794
BTC,4/4/2022,46407.36,46890.71,45118.0,46580.51,44641.87514
BTC,4/5/2022,46580.5,47200.0,45353.81,45497.55,42192.74852
BTC,4/6/2022,45497.54,45507.14,43121.0,43170.47,60849.32936
BTC,4/7/2022,43170.47,43900.99,42727.35,43444.19,37396.54156
BTC,4/8/2022,43444.2,43970.62,42107.14,42252.01,42375.04203
BTC,4/9/2022,42252.02,42800.0,42125.48,42753.97,17891.66047
BTC,4/10/2022,42753.96,43410.3,41868.0,42158.85,22771.09403
BTC,4/11/2022,42158.85,42414.71,39200.0,39530.45,63560.44721
BTC,4/12/2022,39530.45,40699.0,39254.63,40074.94,57751.01778
BTC,4/13/2022,40074.95,41561.31,39588.54,41147.79,41342.27254
BTC,4/14/2022,41147.78,41500.0,39551.94,39942.38,36807.01401
BTC,4/15/2022,39942.37,40870.36,39766.4,40551.9,24026.35739
BTC,4/16/2022,40551.9,40709.35,39991.55,40378.71,15805.44718
BTC,4/17/2022,40378.7,40595.67,39546.17,39678.12,19988.49259
BTC,4/18/2022,39678.11,41116.73,38536.51,40801.13,54243.49575
BTC,4/19/2022,40801.13,41760.0,40571.0,41493.18,35788.85843
BTC,4/20/2022,41493.19,42199.0,40820.0,41358.19,40877.35041
BTC,4/21/2022,41358.19,42976.0,39751.0,40480.01,59316.27657
BTC,4/22/2022,40480.01,40795.06,39177.0,39709.18,46664.0196
BTC,4/23/2022,39709.19,39980.0,39285.0,39441.6,20291.42375
BTC,4/24/2022,39441.61,39940.0,38929.62,39450.13,26703.61186
BTC,4/25/2022,39450.12,40616.0,38200.0,40426.08,63037.12784
BTC,4/26/2022,40426.08,40797.31,37702.26,38112.65,66650.258
BTC,4/27/2022,38112.64,39474.72,37881.31,39235.72,57083.12272
BTC,4/28/2022,39235.72,40372.63,38881.43,39742.07,56086.6715
BTC,4/29/2022,39742.06,39925.25,38175.0,38596.11,51453.65715
BTC,4/30/2022,38596.11,38795.38,37578.2,37630.8,35321.18989
BTC,5/1/2022,37630.8,38675.0,37386.38,38468.35,38812.24104
BTC,5/2/2022,38468.35,39167.34,38052.0,38525.16,53200.92628
BTC,5/3/2022,38525.16,38651.51,37517.8,37728.95,40316.45358
BTC,5/4/2022,37728.95,40023.77,37670.0,39690.0,62574.61736
BTC,5/5/2022,39690.0,39845.51,35571.9,36552.97,88722.43355
BTC,5/6/2022,36552.97,36675.63,35258.0,36013.77,68437.80187
BTC,5/7/2022,36013.77,36146.3,34785.0,35472.39,34281.70682
BTC,5/8/2022,35472.4,35514.22,33713.95,34038.4,72445.64344
BTC,5/9/2022,34038.39,34243.15,30033.33,30076.31,191876.9264
BTC,5/10/2022,30074.23,32658.99,29730.4,31017.1,165532.0031
BTC,5/11/2022,31017.11,32162.59,27785.0,29103.94,207063.7393
BTC,5/12/2022,29103.94,30243.0,26700.0,29029.75,204507.2631
BTC,5/13/2022,29029.74,31083.37,28751.67,29287.05,97872.36957
BTC,5/14/2022,29287.05,30343.27,28630.0,30086.74,51095.87863
BTC,5/15/2022,30086.74,31460.0,29480.0,31328.89,46275.66912
BTC,5/16/2022,31328.89,31328.9,29087.04,29874.01,73082.19658
BTC,5/17/2022,29874.01,30788.37,29450.38,30444.93,56724.13307
BTC,5/18/2022,30444.93,30709.99,28654.47,28715.32,59749.15799
BTC,5/19/2022,28715.33,30545.18,28691.38,30319.23,67877.36415
BTC,5/20/2022,30319.22,30777.33,28730.0,29201.01,60517.25325
BTC,5/21/2022,29201.01,29656.18,28947.28,29445.06,20987.13124
BTC,5/22/2022,29445.07,30487.99,29255.11,30293.94,36158.98748
BTC,5/23/2022,30293.93,30670.51,28866.35,29109.15,63901.49932
BTC,5/24/2022,29109.14,29845.86,28669.0,29654.58,59442.96036
BTC,5/25/2022,29654.58,30223.74,29294.21,29542.15,59537.38659
BTC,5/26/2022,29542.14,29886.64,28019.56,29201.35,94581.65463
BTC,5/27/2022,29201.35,29397.66,28282.9,28629.8,90998.5201
BTC,5/28/2022,28629.81,29266.0,28450.0,29031.33,34479.35127
BTC,5/29/2022,29031.33,29587.78,28839.21,29468.1,27567.34764
BTC,5/30/2022,29468.1,32222.0,29299.62,31734.22,96785.9476
BTC,5/31/2022,31734.23,32399.0,31200.01,31801.04,62433.11632
BTC,6/1/2022,31801.05,31982.97,29301.0,29805.83,103395.6338
BTC,6/2/2022,29805.84,30689.0,29594.55,30452.62,56961.42928
BTC,6/3/2022,30452.63,30699.0,29282.36,29700.21,54067.44727
BTC,6/4/2022,29700.21,29988.88,29485.0,29864.04,25617.90113
BTC,6/5/2022,29864.03,30189.0,29531.42,29919.21,23139.9281
BTC,6/6/2022,29919.2,31765.64,29890.23,31373.1,68836.92456
BTC,6/7/2022,31373.1,31589.6,29218.96,31125.33,110674.5166
BTC,6/8/2022,31125.32,31327.22,29843.88,30204.77,68542.61276
BTC,6/9/2022,30204.77,30700.0,29944.1,30109.93,46291.1865
BTC,6/10/2022,30109.93,30382.8,28850.0,29091.88,76204.2498
BTC,6/11/2022,29091.87,29440.41,28099.99,28424.7,65901.39895
BTC,6/12/2022,28424.71,28544.96,26560.0,26574.53,92474.59881
BTC,6/13/2022,26574.53,26895.84,21925.77,22487.41,254611.035
BTC,6/14/2022,22485.27,23362.88,20846.0,22136.41,187201.6467
BTC,6/15/2022,22136.42,22800.0,20111.62,22583.72,200774.4935
BTC,6/16/2022,22583.72,22995.73,20232.0,20401.31,99673.59429
BTC,6/17/2022,20400.6,21365.43,20246.66,20468.81,86694.33663
BTC,6/18/2022,20468.81,20792.06,17622.0,18970.79,196441.6555
BTC,6/19/2022,18970.79,20815.95,17960.41,20574.0,128320.876
BTC,6/20/2022,20574.0,21090.0,19637.03,20573.89,109028.9415
BTC,6/21/2022,20573.9,21723.0,20348.4,20723.52,104371.0749
BTC,6/22/2022,20723.51,20900.0,19770.51,19987.99,92133.97938
BTC,6/23/2022,19988.0,21233.0,19890.07,21110.13,83127.08716
BTC,6/24/2022,21110.12,21558.41,20736.72,21237.69,77430.36622
BTC,6/25/2022,21237.68,21614.5,20906.62,21491.19,51431.67794
BTC,6/26/2022,21491.18,21888.0,20964.73,21038.07,53278.10464
BTC,6/27/2022,21038.08,21539.85,20510.0,20742.56,64475.0013
BTC,6/28/2022,20742.57,21212.1,20202.01,20281.29,63801.0832
BTC,6/29/2022,20281.28,20432.31,19854.92,20123.01,77309.04379
BTC,6/30/2022,20123.0,20179.08,18626.0,19942.21,93846.64806
BTC,7/1/2022,19942.21,20918.35,18975.0,19279.8,111844.5949
BTC,7/2/2022,19279.8,19467.39,18977.01,19252.81,46180.3021
BTC,7/3/2022,19252.82,19647.63,18781.0,19315.83,51087.46631
BTC,7/4/2022,19315.83,20354.01,19055.31,20236.71,74814.04601
BTC,7/5/2022,20236.71,20750.0,19304.4,20175.83,96041.13756
BTC,7/6/2022,20175.84,20675.22,19761.25,20564.51,82439.5808
BTC,7/7/2022,20564.51,21838.1,20251.68,21624.98,85014.58261
BTC,7/8/2022,21624.99,22527.37,21189.26,21594.75,403081.5735
BTC,7/9/2022,21594.75,21980.0,21322.12,21591.83,178417.8447
BTC,7/10/2022,21592.15,21607.65,20655.0,20862.47,192188.2156
BTC,7/11/2022,20861.11,20868.48,19875.23,19963.61,137535.4072
BTC,7/12/2022,19963.61,20059.42,19240.0,19328.75,139506.4586
BTC,7/13/2022,19331.28,20366.61,18910.94,20234.87,209250.2489
BTC,7/14/2022,20234.87,20900.0,19616.07,20588.84,174809.217
BTC,7/15/2022,20588.84,21200.0,20382.29,20830.04,143343.3049
BTC,7/16/2022,20830.04,21588.94,20478.61,21195.6,121011.6739
BTC,7/17/2022,21195.6,21684.54,20750.01,20798.16,118229.4525
BTC,7/18/2022,20799.58,22777.63,20762.45,22432.58,239942.7313
BTC,7/19/2022,22432.58,23800.0,21579.54,23396.62,263770.7657
BTC,7/20/2022,23398.48,24276.74,22906.19,23223.3,238762.1709
BTC,7/21/2022,23223.3,23442.77,22341.46,23152.19,184817.6819
BTC,7/22/2022,23152.19,23756.49,22500.0,22684.83,171598.4397
BTC,7/23/2022,22684.83,23000.77,21934.57,22451.07,122137.7738
BTC,7/24/2022,22448.58,23014.64,22257.15,22579.68,115189.6728
BTC,7/25/2022,22577.13,22666.0,21250.0,21310.9,180344.7664
BTC,7/26/2022,21310.9,21347.82,20706.5,21254.67,177817.2433
BTC,7/27/2022,21254.67,23112.63,21042.53,22952.45,210971.198
BTC,7/28/2022,22954.31,24199.72,22582.13,23842.93,236029.0741
BTC,7/29/2022,23845.25,24442.66,23414.03,23773.75,198298.5062
BTC,7/30/2022,23777.28,24668.0,23502.25,23643.51,151060.1321
BTC,7/31/2022,23644.64,24194.82,23227.31,23293.32,127743.3248
BTC,8/1/2022,23296.36,23509.68,22850.0,23268.01,144210.1622
BTC,8/2/2022,23266.9,23459.89,22654.37,22987.79,158073.2823
BTC,8/3/2022,22985.93,23647.68,22681.22,22818.37,145948.81
BTC,8/4/2022,22816.91,23223.32,22400.0,22622.98,154854.6702
BTC,8/5/2022,22622.41,23472.86,22586.95,23312.42,175251.6975
BTC,8/6/2022,23313.56,23354.36,22909.52,22954.21,83911.80307
BTC,8/7/2022,22954.21,23402.0,22844.62,23174.39,88890.00877
BTC,8/8/2022,23174.39,24245.0,23154.25,23810.0,170958.4415
BTC,8/9/2022,23810.98,23933.25,22865.0,23149.95,143182.5086
BTC,8/10/2022,23151.32,24226.0,22664.69,23954.05,208916.5495
BTC,8/11/2022,23954.05,24918.54,23852.13,23934.39,249759.7956
BTC,8/12/2022,23933.09,24456.5,23583.0,24403.68,174207.5704
BTC,8/13/2022,24401.7,24888.0,24291.22,24441.38,152852.2544
BTC,8/14/2022,24443.06,25047.56,24144.0,24305.24,151206.1447
BTC,8/15/2022,24305.25,25211.32,23773.22,24094.82,242539.5476
BTC,8/16/2022,24093.04,24247.49,23671.22,23854.74,179324.9482
BTC,8/17/2022,23856.15,24446.71,23180.4,23342.66,210668.6877
BTC,8/18/2022,23342.66,23600.0,23111.04,23191.2,144185.9701
BTC,8/19/2022,23191.45,23208.67,20783.57,20834.39,283995.8775
BTC,8/20/2022,20834.39,21382.85,20761.9,21140.07,183041.6836
BTC,8/21/2022,21140.07,21800.0,21069.11,21515.61,159200.6841
BTC,8/22/2022,21516.7,21548.71,20890.18,21399.83,222222.0453
BTC,8/23/2022,21400.75,21684.87,20890.14,21529.12,200967.7716
BTC,8/24/2022,21529.11,21900.0,21145.0,21368.08,174383.2205
BTC,8/25/2022,21368.05,21819.88,21310.15,21559.04,169915.783
BTC,8/26/2022,21559.04,21886.77,20107.9,20241.05,273811.6196
BTC,8/27/2022,20239.14,20402.93,19800.0,20037.6,162582.4603
BTC,8/28/2022,20037.6,20171.18,19520.0,19555.61,139307.9598
BTC,8/29/2022,19555.61,20433.62,19550.79,20285.73,210509.4955
BTC,8/30/2022,20287.2,20576.25,19540.0,19811.66,256634.3553
BTC,8/31/2022,19813.03,20490.0,19797.94,20050.02,276946.6077
BTC,9/1/2022,20048.44,20208.37,19565.66,20131.46,245289.9726
BTC,9/2/2022,20132.64,20441.26,19755.29,19951.86,245986.6033
BTC,9/3/2022,19950.98,20055.93,19652.72,19831.9,146639.032
BTC,9/4/2022,19832.45,20029.23,19583.1,20000.3,145588.7789
BTC,9/5/2022,20000.3,20057.27,19633.83,19796.84,222543.0106
BTC,9/6/2022,19795.34,20180.0,18649.51,18790.61,356315.0572
BTC,9/7/2022,18790.61,19464.06,18510.77,19292.84,287394.7788
BTC,9/8/2022,19292.85,19458.25,19012.0,19319.77,262813.2827
BTC,9/9/2022,19320.54,21597.22,19291.75,21360.11,428919.7465
BTC,9/10/2022,21361.62,21810.8,21111.13,21648.34,307997.335
BTC,9/11/2022,21647.21,21860.0,21350.0,21826.87,280702.5515
BTC,9/12/2022,21826.87,22488.0,21538.51,22395.74,395395.6183
BTC,9/13/2022,22395.44,22799.0,19860.0,20173.57,431915.0333
BTC,9/14/2022,20173.62,20541.48,19617.62,20226.71,340826.4015
BTC,9/15/2022,20227.17,20330.24,19497.0,19701.88,333069.7608
BTC,9/16/2022,19701.88,19890.0,19320.01,19803.3,283791.0706
BTC,9/17/2022,19803.3,20189.0,19748.08,20113.62,179350.2434
BTC,9/18/2022,20112.61,20117.26,19335.62,19416.18,254217.469
BTC,9/19/2022,19417.45,19686.2,18232.56,19537.02,380512.4031
BTC,9/20/2022,19537.02,19634.62,18711.87,18875.0,324098.3286
BTC,9/21/2022,18874.31,19956.0,18125.98,18461.36,385034.1002
BTC,9/22/2022,18461.36,19550.17,18356.39,19401.63,379321.7211
BTC,9/23/2022,19401.63,19500.0,18531.42,19289.91,385886.9183
BTC,9/24/2022,19288.57,19316.14,18805.34,18920.5,239496.5675
BTC,9/25/2022,18921.99,19180.21,18629.2,18807.38,191191.4492
BTC,9/26/2022,18809.13,19318.96,18680.72,19227.82,439239.2194
BTC,9/27/2022,19226.68,20385.86,18816.32,19079.13,593260.7416
BTC,9/28/2022,19078.1,19790.0,18471.28,19412.82,521385.4555
BTC,9/29/2022,19412.82,19645.52,18843.01,19591.51,406424.9326
BTC,9/30/2022,19590.54,20185.0,19155.36,19422.61,444322.9534
BTC,10/1/2022,19422.61,19484.0,19159.42,19310.95,165625.1396
BTC,10/2/2022,19312.24,19395.91,18920.35,19056.8,206812.4703
BTC,10/3/2022,19057.74,19719.1,18959.68,19629.08,293585.7521
BTC,10/4/2022,19629.08,20475.0,19490.6,20337.82,327012.0013
BTC,10/5/2022,20337.82,20365.6,19730.0,20158.26,312239.7522
BTC,10/6/2022,20158.26,20456.6,19853.0,19960.67,320122.1702
BTC,10/7/2022,19960.67,20068.82,19320.0,19530.09,220874.8391
BTC,10/8/2022,19530.09,19627.38,19237.14,19417.96,102480.0984
BTC,10/9/2022,19416.52,19558.0,19316.04,19439.02,113900.8268
BTC,10/10/2022,19439.96,19525.0,19020.25,19131.87,212509.0985
BTC,10/11/2022,19131.87,19268.09,18860.0,19060.0,243473.8429
BTC,10/12/2022,19060.0,19238.31,18965.88,19155.53,213826.2673
BTC,10/13/2022,19155.1,19513.79,18190.0,19375.13,399756.6834
BTC,10/14/2022,19375.58,19951.87,19070.37,19176.93,351634.326
BTC,10/15/2022,19176.93,19227.68,18975.18,19069.39,113847.6423
BTC,10/16/2022,19068.4,19425.84,19063.74,19262.98,131894.6189
BTC,10/17/2022,19262.98,19676.96,19152.03,19549.86,222813.8763
BTC,10/18/2022,19548.48,19706.66,19091.0,19327.44,260313.0785
BTC,10/19/2022,19327.44,19360.16,19065.97,19123.97,186137.2954
BTC,10/20/2022,19123.35,19347.82,18900.0,19041.92,223530.1307
BTC,10/21/2022,19041.92,19250.0,18650.0,19164.37,269310.7577
BTC,10/22/2022,19164.37,19257.0,19112.72,19204.35,110403.9084
BTC,10/23/2022,19204.29,19695.0,19070.11,19570.4,167057.2018
BTC,10/24/2022,19570.4,19601.15,19157.0,19329.72,256168.1447
BTC,10/25/2022,19330.6,20415.87,19237.0,20080.07,326370.6706
BTC,10/26/2022,20079.02,21020.0,20050.41,20771.59,380492.6958
BTC,10/27/2022,20771.61,20872.21,20200.0,20295.11,328643.5779
BTC,10/28/2022,20295.11,20750.0,20000.09,20591.84,287039.9457
BTC,10/29/2022,20591.84,21085.0,20554.01,20809.67,254881.7776
BTC,10/30/2022,20809.68,20931.21,20515.0,20627.48,192795.6089
BTC,10/31/2022,20627.48,20845.92,20237.95,20490.74,303567.6163
BTC,11/1/2022,20490.74,20700.0,20330.74,20483.62,279932.4377
BTC,11/2/2022,20482.81,20800.0,20048.04,20151.84,373716.273
BTC,11/3/2022,20151.84,20393.32,20031.24,20207.82,319185.1544
BTC,11/4/2022,20207.12,21302.05,20180.96,21148.52,453694.3917
BTC,11/5/2022,21148.52,21480.65,21080.65,21299.37,245621.9853
BTC,11/6/2022,21299.37,21365.27,20886.13,20905.58,230036.9722
BTC,11/7/2022,20905.58,21069.77,20384.89,20591.13,386977.6034
BTC,11/8/2022,20590.67,20700.88,17166.83,18547.23,760705.3628
BTC,11/9/2022,18545.38,18587.76,15588.0,15922.81,731926.9297
BTC,11/10/2022,15922.68,18199.0,15754.26,17601.15,608448.3643
BTC,11/11/2022,17602.45,17695.0,16361.6,17070.31,393552.8649
BTC,11/12/2022,17069.98,17119.1,16631.39,16812.08,167819.9604
BTC,11/13/2022,16813.16,16954.28,16229.0,16329.85,184960.7885
BTC,11/14/2022,16331.78,17190.0,15815.21,16619.46,380210.7775
BTC,11/15/2022,16617.72,17134.69,16527.72,16900.57,282461.8439
BTC,11/16/2022,16900.57,17015.92,16378.61,16662.76,261493.4081
BTC,11/17/2022,16661.61,16751.0,16410.74,16692.56,228038.9787
BTC,11/18/2022,16692.56,17011.0,16546.04,16700.45,214224.1818
BTC,11/19/2022,16699.43,16822.41,16553.53,16700.68,104963.1556
BTC,11/20/2022,16700.68,16753.33,16180.0,16280.23,154842.1348
BTC,11/21/2022,16279.5,16319.0,15476.0,15781.29,324096.9978
BTC,11/22/2022,15781.29,16315.0,15616.63,16226.94,239548.0662
BTC,11/23/2022,16227.96,16706.0,16160.2,16603.11,264927.7041
BTC,11/24/2022,16603.11,16812.63,16458.05,16598.95,206565.9235
BTC,11/25/2022,16599.55,16666.0,16342.81,16522.14,182089.4953
BTC,11/26/2022,16521.35,16701.99,16385.0,16458.57,181804.8167
BTC,11/27/2022,16457.61,16600.0,16401.0,16428.78,162025.4761
BTC,11/28/2022,16428.77,16487.04,15995.27,16212.91,252695.4037
BTC,11/29/2022,16212.18,16548.71,16100.0,16442.53,248106.2501
BTC,11/30/2022,16442.91,17249.0,16428.3,17163.64,303019.8072
BTC,12/1/2022,17165.53,17324.0,16855.01,16977.37,232818.1822
BTC,12/2/2022,16978.0,17105.73,16787.85,17092.74,202372.2062
BTC,12/3/2022,17092.13,17188.98,16858.74,16885.2,154542.5731
BTC,12/4/2022,16885.2,17202.84,16878.25,17105.7,178619.1339
BTC,12/5/2022,17106.65,17424.25,16867.0,16966.35,233703.2923
BTC,12/6/2022,16966.35,17107.01,16906.37,17088.96,218730.7688
BTC,12/7/2022,17088.96,17142.21,16678.83,16836.64,220657.4133
BTC,12/8/2022,16836.64,17299.0,16733.49,17224.1,236417.978
BTC,12/9/2022,17224.1,17360.0,17058.21,17128.56,238422.0647
BTC,12/10/2022,17128.56,17227.72,17092.0,17127.49,140573.9794
BTC,12/11/2022,17127.49,17270.99,17071.0,17085.05,155286.4787
BTC,12/12/2022,17085.05,17241.89,16871.85,17209.83,226227.4969
BTC,12/13/2022,17208.93,18000.0,17080.14,17774.7,284462.9139
BTC,12/14/2022,17775.82,18387.95,17660.94,17803.15,266681.2221
BTC,12/15/2022,17804.01,17854.82,17275.51,17356.34,223701.9688
BTC,12/16/2022,17356.96,17531.73,16527.32,16632.12,253379.0412
BTC,12/17/2022,16631.5,16796.82,16579.85,16776.52,144825.6668
BTC,12/18/2022,16777.54,16863.26,16663.07,16738.21,112619.3165
BTC,12/19/2022,16739.0,16815.99,16256.3,16438.88,179094.2831
BTC,12/20/2022,16438.88,17061.27,16397.2,16895.56,248808.9232
BTC,12/21/2022,16896.15,16925.0,16723.0,16824.67,156810.9636
BTC,12/22/2022,16824.68,16868.52,16559.85,16821.43,176044.2724
BTC,12/23/2022,16821.9,16955.14,16731.13,16778.5,161612.0095
BTC,12/24/2022,16778.52,16869.99,16776.62,16836.12,100224.291
BTC,12/25/2022,16835.73,16857.96,16721.0,16832.11,125441.072
BTC,12/26/2022,16832.11,16944.52,16791.0,16919.39,124564.0066
BTC,12/27/2022,16919.39,16972.83,16592.37,16706.36,173749.5862
BTC,12/28/2022,16706.06,16785.19,16465.33,16547.31,193037.5658
BTC,12/29/2022,16547.32,16664.41,16488.91,16633.47,160998.4716
BTC,12/30/2022,16633.47,16677.35,16333.0,16607.48,164916.3117
BTC,12/31/2022,16607.48,16644.09,16470.0,16542.4,114490.4286
BTC,1/1/2023,16541.77,16628.0,16499.01,16616.75,96925.41374
BTC,1/2/2023,16617.17,16799.23,16548.7,16672.87,121888.5719
BTC,1/3/2023,16672.78,16778.4,16605.28,16675.18,159541.5373
BTC,1/4/2023,16675.65,16991.87,16652.66,16850.36,220362.1886
BTC,1/5/2023,16850.36,16879.82,16753.0,16831.85,163473.5664
BTC,1/6/2023,16831.85,17041.0,16679.0,16950.65,207401.2842
BTC,1/7/2023,16950.31,16981.91,16908.0,16943.57,104526.5688
BTC,1/8/2023,16943.83,17176.99,16911.0,17127.83,135155.897
BTC,1/9/2023,17127.83,17398.8,17104.66,17178.26,266211.5272
BTC,1/10/2023,17179.04,17499.0,17146.34,17440.66,221382.4258
BTC,1/11/2023,17440.64,18000.0,17315.6,17943.26,262221.6065
BTC,1/12/2023,17943.26,19117.04,17892.05,18846.62,454568.3218
BTC,1/13/2023,18846.62,20000.0,18714.12,19930.01,368615.8782
BTC,1/14/2023,19930.01,21258.0,19888.05,20954.92,393913.7495
BTC,1/15/2023,20952.76,21050.74,20551.01,20871.5,178542.2255
BTC,1/16/2023,20872.99,21474.05,20611.48,21185.65,293078.0826
BTC,1/17/2023,21185.65,21647.45,20841.31,21134.81,275407.7441
BTC,1/18/2023,21132.29,21650.0,20407.15,20677.47,350916.0195
BTC,1/19/2023,20677.47,21192.0,20659.19,21071.59,251385.8493
BTC,1/20/2023,21071.59,22755.93,20861.28,22667.21,338079.1366
BTC,1/21/2023,22666.0,23371.8,22422.0,22783.55,346445.4843
BTC,1/22/2023,22783.35,23078.71,22292.37,22707.88,253577.7529
BTC,1/23/2023,22706.02,23180.0,22500.0,22916.45,293588.3794
BTC,1/24/2023,22917.81,23162.2,22462.93,22632.89,293158.7825
BTC,1/25/2023,22631.94,23816.73,22300.0,23060.94,346042.8322
BTC,1/26/2023,23060.42,23282.47,22850.01,23009.65,288924.4358
BTC,1/27/2023,23009.65,23500.0,22534.88,23074.16,280833.8632
BTC,1/28/2023,23074.16,23189.0,22878.46,23022.6,148115.7109
BTC,1/29/2023,23021.4,23960.54,22967.76,23742.3,295688.792
BTC,1/30/2023,23743.37,23800.51,22500.0,22826.15,302405.9012
BTC,1/31/2023,22827.38,23320.0,22714.77,23125.13,264649.3491
BTC,2/1/2023,23125.13,23812.66,22760.23,23732.66,310790.4227
BTC,2/2/2023,23731.41,24255.0,23363.27,23488.94,364177.2075
BTC,2/3/2023,23489.33,23715.7,23204.62,23431.9,332571.029
BTC,2/4/2023,23431.9,23587.78,23253.96,23326.84,166126.473
BTC,2/5/2023,23327.66,23433.33,22743.0,22932.91,209251.3392
BTC,2/6/2023,22932.91,23158.25,22628.13,22762.52,265371.6069
BTC,2/7/2023,22762.52,23350.25,22745.78,23240.46,308006.7248
BTC,2/8/2023,23242.42,23452.0,22665.85,22963.0,280056.3072
BTC,2/9/2023,22961.85,23011.39,21688.0,21796.35,402894.6955
BTC,2/10/2023,21797.83,21938.16,21451.0,21625.19,338591.9425
BTC,2/11/2023,21625.19,21906.32,21599.78,21862.55,177021.5843
BTC,2/12/2023,21862.02,22090.0,21630.0,21783.54,204435.6516
BTC,2/13/2023,21782.37,21894.99,21351.07,21773.97,295730.7679
BTC,2/14/2023,21774.63,22319.08,21532.77,22199.84,361958.4011
BTC,2/15/2023,22199.84,24380.0,22047.28,24324.05,375669.1611
BTC,2/16/2023,24322.87,25250.0,23505.25,23517.72,450080.6837
BTC,2/17/2023,23517.72,25021.11,23339.37,24569.97,496813.2138
BTC,2/18/2023,24568.24,24877.0,24430.0,24631.95,216917.2521
BTC,2/19/2023,24632.05,25192.0,24192.57,24271.76,300395.9954
BTC,2/20/2023,24272.51,25121.23,23840.83,24842.2,346938.57
BTC,2/21/2023,24843.89,25250.0,24148.34,24452.16,376000.8287
BTC,2/22/2023,24450.67,24476.05,23574.69,24182.21,379425.7537
BTC,2/23/2023,24182.21,24599.59,23608.0,23940.2,398400.4544
BTC,2/24/2023,23940.2,24132.35,22841.19,23185.29,343582.5745
BTC,2/25/2023,23184.04,23219.13,22722.0,23157.07,191311.8101
BTC,2/26/2023,23157.07,23689.99,23059.18,23554.85,202323.7362
BTC,2/27/2023,23554.85,23897.99,23106.77,23492.09,283706.0859
BTC,2/28/2023,23492.09,23600.0,23020.97,23141.57,264140.9989
BTC,3/1/2023,23141.57,24000.0,23020.03,23628.97,315287.4174
BTC,3/2/2023,23629.76,23796.93,23195.9,23465.32,239315.4522
BTC,3/3/2023,23465.32,23476.95,21971.13,22354.34,319954.1979
BTC,3/4/2023,22354.34,22410.0,22157.08,22346.57,121257.3813
BTC,3/5/2023,22346.57,22662.09,22189.22,22430.24,154841.7579
BTC,3/6/2023,22430.24,22602.19,22258.0,22410.0,203751.8296
BTC,3/7/2023,22409.41,22557.91,21927.0,22197.96,292519.8091
BTC,3/8/2023,22198.56,22287.0,21580.0,21705.44,301460.5727
BTC,3/9/2023,21704.37,21834.99,20042.72,20362.22,443658.2858
BTC,3/10/2023,20362.21,20367.78,19549.09,20150.69,618456.4671
BTC,3/11/2023,20150.69,20686.51,19765.03,20455.73,427831.8213
BTC,3/12/2023,20455.73,22150.0,20270.6,21997.11,430944.9429
BTC,3/13/2023,21998.05,24500.0,21813.88,24113.48,687889.3126
BTC,3/14/2023,24112.27,26386.87,23976.42,24670.41,699360.9342
BTC,3/15/2023,24670.41,25196.97,23896.95,24285.66,581450.7298
BTC,3/16/2023,24285.66,25167.4,24123.0,24998.78,439421.33
BTC,3/17/2023,24998.78,27756.84,24890.0,27395.13,624460.6809
BTC,3/18/2023,27395.13,27724.85,26578.0,26907.49,371238.9717
BTC,3/19/2023,26907.49,28390.1,26827.22,27972.87,372066.9905
BTC,3/20/2023,27972.87,28472.0,27124.47,27717.01,477378.2337
BTC,3/21/2023,27717.01,28438.55,27303.1,28105.47,420929.7422
BTC,3/22/2023,28107.81,28868.05,26601.8,27250.97,224113.413
BTC,3/23/2023,27250.97,28750.0,27105.0,28295.41,128649.6082
BTC,3/24/2023,28295.42,28374.3,27000.0,27454.47,86242.06544
BTC,3/25/2023,27454.46,27787.33,27156.09,27462.95,50844.08102
BTC,3/26/2023,27462.96,28194.4,27417.76,27968.05,49671.70353
BTC,3/27/2023,27968.05,28023.86,26508.14,27124.91,88039.46898
BTC,3/28/2023,27124.9,27520.0,26631.78,27261.07,78602.44341
BTC,3/29/2023,27261.06,28650.0,27240.1,28348.6,89486.16008
BTC,3/30/2023,28348.6,29184.68,27686.0,28028.53,98865.43256
BTC,3/31/2023,28028.53,28656.69,27511.71,28465.36,78198.12139
BTC,4/1/2023,28465.36,28819.71,28220.27,28452.73,30238.44753
BTC,4/2/2023,28452.74,28530.0,27856.43,28171.87,37365.65692
BTC,4/3/2023,28171.87,28500.99,27200.24,27800.0,79180.01405
BTC,4/4/2023,27800.0,28444.44,27662.79,28165.47,49722.55691
BTC,4/5/2023,28165.47,28775.0,27805.1,28170.01,60737.64732
BTC,4/6/2023,28170.01,28182.05,27711.0,28033.82,40118.94963
BTC,4/7/2023,28033.83,28100.0,27766.94,27906.33,24762.09387
BTC,4/8/2023,27906.34,28154.99,27859.02,27938.38,19479.96735
BTC,4/9/2023,27938.38,28530.0,27800.0,28323.76,32531.16101
BTC,4/10/2023,28323.76,29770.0,28170.0,29637.34,67754.0622
BTC,4/11/2023,29637.35,30550.0,29590.0,30200.42,67990.07621
BTC,4/12/2023,30200.43,30486.0,29637.4,29888.07,62049.48451
BTC,4/13/2023,29888.07,30595.0,29854.59,30373.84,51934.11731
BTC,4/14/2023,30373.84,31000.0,29966.0,30466.93,75984.19452
BTC,4/15/2023,30466.93,30595.6,30202.0,30295.09,25429.81247
BTC,4/16/2023,30295.1,30549.99,30120.0,30304.65,26431.99322
BTC,4/17/2023,30304.66,30316.06,29240.65,29430.27,56441.81127
BTC,4/18/2023,29430.27,30485.0,29096.78,30380.01,62004.89434
BTC,4/19/2023,30380.01,30413.53,28520.0,28797.1,86575.48656
BTC,4/20/2023,28797.1,29088.3,28010.0,28243.65,76879.09372
BTC,4/21/2023,28243.65,28374.02,27125.0,27262.84,77684.7679
BTC,4/22/2023,27262.84,27882.72,27140.35,27816.85,36023.69686
BTC,4/23/2023,27816.85,27816.85,27311.25,27590.6,34812.09581
BTC,4/24/2023,27590.59,28000.0,26942.82,27510.93,53111.56874
BTC,4/25/2023,27510.93,28399.99,27192.0,28300.79,52325.14637
BTC,4/26/2023,28300.8,30036.0,27235.0,28415.29,129228.404
BTC,4/27/2023,28415.29,29890.0,28378.86,29472.77,95430.82431
BTC,4/28/2023,29472.77,29599.54,28891.0,29311.7,54298.16578
BTC,4/29/2023,29311.69,29448.88,29031.0,29230.45,20466.83058
BTC,4/30/2023,29230.45,29969.39,29079.59,29233.21,39752.5372
BTC,5/1/2023,29233.2,29337.34,27666.95,28068.26,64433.65958
BTC,5/2/2023,28068.26,28879.88,27872.0,28669.86,50824.5224
BTC,5/3/2023,28669.85,29266.66,28113.69,29026.16,64615.79213
BTC,5/4/2023,29026.16,29379.83,28663.64,28838.16,42575.47501
BTC,5/5/2023,28838.16,29677.0,28800.0,29505.61,58415.83048
BTC,5/6/2023,29505.6,29820.0,28300.0,28848.2,49249.28459
BTC,5/7/2023,28848.19,29138.29,28395.23,28430.1,30003.41028
BTC,5/8/2023,28430.09,28631.01,27262.0,27668.79,68244.36179
BTC,5/9/2023,27668.8,27818.0,27353.0,27628.27,40113.31069
BTC,5/10/2023,27628.28,28331.42,26777.0,27598.75,71155.11355
BTC,5/11/2023,27598.74,27630.14,26702.05,26968.62,47635.31365
BTC,5/12/2023,26968.61,27091.12,25811.46,26795.01,67207.93494
BTC,5/13/2023,26795.01,27045.45,26692.03,26775.28,22814.90421
BTC,5/14/2023,26775.27,27200.0,26560.53,26917.62,21594.8036
BTC,5/15/2023,26917.61,27663.59,26726.0,27162.14,40430.08333
BTC,5/16/2023,27162.15,27296.89,26852.11,27033.84,33270.45451
BTC,5/17/2023,27033.85,27500.0,26544.71,27405.61,42958.97785
BTC,5/18/2023,27405.62,27485.33,26361.2,26821.28,49198.65143
BTC,5/19/2023,26821.28,27183.6,26630.0,26880.26,28754.13544
BTC,5/20/2023,26880.26,27150.0,26825.11,27102.43,14434.54718
BTC,5/21/2023,27102.42,27277.55,26666.03,26747.78,21347.87279
BTC,5/22/2023,26747.78,27099.89,26538.21,26849.27,26458.83828
BTC,5/23/2023,26849.28,27495.83,26798.11,27219.61,38700.83858
BTC,5/24/2023,27219.61,27219.61,26080.5,26329.01,54393.0657
BTC,5/25/2023,26329.0,26631.98,25871.89,26473.79,37435.44895
BTC,5/26/2023,26473.8,26932.16,26327.24,26705.92,35061.18713
BTC,5/27/2023,26705.93,26895.0,26551.0,26854.27,15095.6867
BTC,5/28/2023,26854.28,28261.32,26764.36,28065.0,43916.00855
BTC,5/29/2023,28065.01,28447.14,27524.6,27736.4,42385.41945
BTC,5/30/2023,27736.39,28038.59,27554.0,27694.4,32686.75371
BTC,5/31/2023,27694.39,27835.51,26839.01,27210.35,46588.80573
BTC,6/1/2023,27210.36,27350.0,26605.05,26817.93,39217.8088
BTC,6/2/2023,26817.93,27300.0,26505.0,27242.59,36380.90269
BTC,6/3/2023,27242.59,27333.29,26914.93,27069.22,16595.34117
BTC,6/4/2023,27069.22,27455.02,26951.0,27115.21,19258.41049
BTC,6/5/2023,27115.2,27129.33,25388.0,25728.2,65805.60305
BTC,6/6/2023,25728.2,27355.33,25351.02,27230.08,68392.60438
BTC,6/7/2023,27230.07,27391.77,26125.01,26339.34,59619.44364
BTC,6/8/2023,26339.34,26810.0,26210.0,26498.61,31075.51083
BTC,6/9/2023,26498.62,26783.33,26269.91,26477.81,27934.7097
BTC,6/10/2023,26477.8,26533.87,25358.0,25841.21,64944.60108
BTC,6/11/2023,25841.22,26206.88,25634.7,25925.55,30014.29595
BTC,6/12/2023,25925.54,26106.48,25602.11,25905.19,29900.50893
BTC,6/13/2023,25905.2,26433.21,25712.57,25934.25,41065.60853
BTC,6/14/2023,25934.24,26098.0,24820.56,25128.6,45077.31608
BTC,6/15/2023,25128.6,25759.01,24800.0,25598.49,48664.86063
BTC,6/16/2023,25598.49,26518.0,25175.56,26345.0,51596.91662
BTC,6/17/2023,26345.01,26839.99,26181.0,26516.99,27842.2195
BTC,6/18/2023,26516.99,26700.0,26255.85,26339.97,21538.31022
BTC,6/19/2023,26339.98,27068.09,26256.61,26844.35,35872.65974
BTC,6/20/2023,26844.35,28402.74,26652.0,28307.99,69666.95525
BTC,6/21/2023,28308.0,30800.0,28257.99,29993.89,108926.4041
BTC,6/22/2023,29993.89,30500.0,29525.61,29884.92,59054.5646
BTC,6/23/2023,29884.92,31431.94,29800.0,30688.5,73931.89635
BTC,6/24/2023,30688.51,30800.0,30250.0,30527.43,30513.30135
BTC,6/25/2023,30527.44,31046.01,30277.49,30462.66,30223.44801
BTC,6/26/2023,30462.67,30666.0,29930.0,30267.99,45180.41489
BTC,6/27/2023,30267.99,30994.97,30226.17,30692.44,42699.64157
BTC,6/28/2023,30692.44,30709.74,29858.8,30077.41,40463.51937
BTC,6/29/2023,30077.4,30843.98,30049.98,30447.31,36330.62903
BTC,6/30/2023,30447.31,31282.0,29500.0,30472.0,89419.07618
BTC,7/1/2023,30471.99,30661.6,30320.57,30585.9,17501.75075
BTC,7/2/2023,30585.9,30791.0,30155.0,30617.03,23286.41019
BTC,7/3/2023,30617.02,31380.0,30570.27,31156.2,43761.64311
BTC,7/4/2023,31156.2,31350.69,30620.0,30766.51,33206.11943
BTC,7/5/2023,30766.52,30878.07,30200.0,30504.81,33215.67122
BTC,7/6/2023,30504.8,31500.0,29850.45,29895.43,71319.6261
BTC,7/7/2023,29895.42,30449.0,29701.02,30344.7,34070.53895
BTC,7/8/2023,30344.7,30386.81,30044.47,30284.63,13094.59042
BTC,7/9/2023,30284.63,30445.52,30061.12,30160.71,15388.50196
BTC,7/10/2023,30160.71,31045.78,29950.0,30411.57,41262.87652
BTC,7/11/2023,30411.57,30813.63,30300.0,30622.1,28476.83311
BTC,7/12/2023,30622.1,30983.25,30210.0,30380.0,38108.99669
BTC,7/13/2023,30380.0,31804.2,30251.0,31454.23,70772.51836
BTC,7/14/2023,31454.23,31630.0,29900.0,30312.01,60749.48424
BTC,7/15/2023,30312.0,30390.9,30200.0,30289.52,14118.55329
BTC,7/16/2023,30289.52,30441.46,30064.29,30231.99,15760.1281
BTC,7/17/2023,30232.0,30336.96,29659.2,30138.0,30882.76839
BTC,7/18/2023,30138.01,30239.78,29512.0,29859.13,30003.8601
BTC,7/19/2023,29859.14,30189.09,29761.96,29909.21,25657.36137
BTC,7/20/2023,29909.21,30417.46,29570.96,29800.0,37540.68193
BTC,7/21/2023,29800.0,30061.7,29726.34,29901.72,23881.40865
BTC,7/22/2023,29901.72,29999.0,29625.1,29794.0,14660.40467
BTC,7/23/2023,29793.99,30350.0,29730.0,30083.75,18292.78637
BTC,7/24/2023,30083.75,30099.58,28861.9,29176.5,39628.99691
BTC,7/25/2023,29176.5,29376.0,29047.65,29228.91,21565.7478
BTC,7/26/2023,29228.91,29690.0,29096.94,29351.96,33931.63366
BTC,7/27/2023,29351.95,29567.49,29083.85,29222.78,22476.47626
BTC,7/28/2023,29222.78,29542.22,29123.12,29314.14,23993.61627
BTC,7/29/2023,29314.14,29406.92,29256.18,29352.9,10851.36844
BTC,7/30/2023,29352.9,29449.0,29033.24,29281.09,15706.97441
BTC,7/31/2023,29281.09,29530.0,29101.8,29232.25,22605.48964
BTC,8/1/2023,29232.26,29739.25,28585.7,29705.99,44719.65162
BTC,8/2/2023,29705.99,30047.5,28927.5,29186.01,48181.65141
BTC,8/3/2023,29186.0,29433.33,28968.0,29193.64,26476.91994
BTC,8/4/2023,29193.65,29333.08,28807.54,29113.99,23551.95217
BTC,8/5/2023,29114.0,29152.23,28978.64,29072.13,11645.52018
BTC,8/6/2023,29072.13,29205.09,28991.88,29088.42,13178.1972
BTC,8/7/2023,29088.43,29276.78,28701.03,29211.06,30966.87746
BTC,8/8/2023,29211.06,30244.0,29146.45,29770.42,45700.53392
BTC,8/9/2023,29770.41,30160.0,29376.67,29581.99,38003.88725
BTC,8/10/2023,29581.99,29738.0,29320.2,29455.75,23463.45373
BTC,8/11/2023,29455.76,29564.52,29252.45,29426.03,20637.0443
BTC,8/12/2023,29426.02,29481.35,29381.56,29430.17,8971.48068
BTC,8/13/2023,29430.18,29474.65,29272.32,29303.84,11101.70947
BTC,8/14/2023,29303.85,29695.32,29102.45,29430.93,31443.11532
BTC,8/15/2023,29430.92,29499.26,29059.6,29200.0,27503.87691
BTC,8/16/2023,29200.01,29259.85,28723.08,28730.51,32996.69854
BTC,8/17/2023,28730.51,28783.48,25166.0,26623.41,100271.5403
BTC,8/18/2023,26623.41,26832.6,25619.0,26054.0,69790.65711
BTC,8/19/2023,26054.0,26281.0,25801.09,26100.01,26160.75343
BTC,8/20/2023,26100.01,26299.0,25971.05,26189.99,19056.91209
BTC,8/21/2023,26190.0,26258.42,25812.0,26126.92,30267.24233
BTC,8/22/2023,26126.92,26139.42,25300.0,26056.0,34247.06688
BTC,8/23/2023,26055.99,26819.27,25812.82,26432.72,44023.69978
BTC,8/24/2023,26432.71,26577.87,25864.0,26180.05,30205.22116
BTC,8/25/2023,26180.05,26314.05,25777.15,26060.01,27753.33772
BTC,8/26/2023,26060.0,26125.77,25985.92,26017.37,10022.22322
BTC,8/27/2023,26017.38,26182.23,25966.11,26101.77,12099.64216
BTC,8/28/2023,26101.78,26253.99,25864.5,26120.0,22692.62655
BTC,8/29/2023,26120.0,28142.85,25922.0,27716.34,74251.99488
BTC,8/30/2023,27716.34,27768.57,27017.24,27299.99,35448.25848
BTC,8/31/2023,27299.99,27587.51,25655.01,25940.78,51032.80401
BTC,9/1/2023,25940.77,26156.0,25333.75,25805.05,41032.15056
BTC,9/2/2023,25805.04,25987.5,25752.47,25869.51,16250.77698
BTC,9/3/2023,25869.52,26135.0,25800.0,25971.21,17474.47667
BTC,9/4/2023,25971.21,26108.02,25631.21,25826.02,21777.59609
BTC,9/5/2023,25826.03,25915.49,25562.62,25792.1,21323.39337
BTC,9/6/2023,25792.11,26040.0,25372.51,25759.95,27262.52386
BTC,9/7/2023,25759.95,26443.14,25615.38,26255.0,27687.49567
BTC,9/8/2023,26255.0,26445.5,25647.26,25910.5,28999.76471
BTC,9/9/2023,25910.5,25945.09,25796.64,25901.61,10980.62277
BTC,9/10/2023,25901.6,26033.66,25570.57,25841.61,18738.26914
BTC,9/11/2023,25841.6,25900.69,24901.0,25162.52,41682.32
BTC,9/12/2023,25162.53,26567.0,25131.48,25840.1,56434.38537
BTC,9/13/2023,25840.1,26405.22,25764.17,26222.0,31610.82753
BTC,9/14/2023,26222.0,26860.49,26126.77,26522.73,38333.1725
BTC,9/15/2023,26522.73,26888.0,26224.0,26600.0,26227.29369
BTC,9/16/2023,26599.99,26777.0,26445.0,26559.67,13960.93351
BTC,9/17/2023,26559.67,26623.25,26399.0,26527.51,12998.10277
BTC,9/18/2023,26527.5,27409.0,26377.35,26762.51,43000.43256
BTC,9/19/2023,26762.5,27483.57,26667.79,27210.26,36190.52187
BTC,9/20/2023,27210.25,27388.63,26800.0,27125.0,34207.21867
BTC,9/21/2023,27125.01,27159.6,26377.7,26568.08,34476.82662
BTC,9/22/2023,26568.08,26743.38,26468.77,26580.14,18198.2292
BTC,9/23/2023,26580.14,26632.81,26509.0,26575.96,9440.7026
BTC,9/24/2023,26575.97,26738.54,26122.08,26248.38,15706.65771
BTC,9/25/2023,26248.39,26446.15,25990.46,26304.81,26266.2039
BTC,9/26/2023,26304.8,26397.46,26088.34,26221.67,18495.35066
BTC,9/27/2023,26221.68,26850.0,26112.06,26372.99,34771.57978
BTC,9/28/2023,26373.0,27308.48,26342.4,27021.39,44517.83491
BTC,9/29/2023,27021.39,27244.89,26665.16,26906.96,28478.76219
BTC,9/30/2023,26906.96,27094.99,26886.31,26962.56,12804.62307
BTC,10/1/2023,26962.57,28065.51,26954.09,27992.57,24602.81468
BTC,10/2/2023,27992.58,28580.0,27281.44,27494.51,57071.14241
BTC,10/3/2023,27494.51,27676.52,27160.5,27426.46,28928.96555
BTC,10/4/2023,27426.45,27839.72,27202.0,27778.57,29816.142
BTC,10/5/2023,27778.57,28120.39,27352.0,27410.39,30681.49619
BTC,10/6/2023,27410.39,28295.0,27175.94,27931.09,37983.24277
BTC,10/7/2023,27931.1,28029.67,27842.08,27956.67,13348.83825
BTC,10/8/2023,27956.67,28095.14,27687.5,27917.05,19693.56921
BTC,10/9/2023,27917.06,27987.93,27260.0,27590.12,31534.74639
BTC,10/10/2023,27590.12,27735.0,27298.0,27390.12,22776.84383
BTC,10/11/2023,27390.12,27477.39,26538.66,26875.52,37349.44706
BTC,10/12/2023,26875.52,26947.04,26555.0,26759.63,23428.64112
BTC,10/13/2023,26759.63,27130.0,26685.0,26862.0,24115.76499
BTC,10/14/2023,26862.0,26989.58,26789.0,26852.48,10417.25576
BTC,10/15/2023,26852.48,27293.33,26808.25,27154.15,15274.6917
BTC,10/16/2023,27154.14,30000.0,27112.66,28500.78,78399.22445
BTC,10/17/2023,28500.77,28613.65,28069.32,28395.91,38428.44532
BTC,10/18/2023,28395.91,28982.36,28142.87,28320.0,32162.47591
BTC,10/19/2023,28320.0,28916.89,28100.66,28713.71,35895.50179
BTC,10/20/2023,28713.71,30207.55,28578.29,29669.04,59422.0992
BTC,10/21/2023,29669.05,30379.99,29464.77,29909.8,27517.51897
BTC,10/22/2023,29909.8,30248.0,29640.0,29992.46,22852.54563
BTC,10/23/2023,29992.46,34741.91,29883.6,33069.99,93513.64246
BTC,10/24/2023,33069.99,35280.0,32832.34,33922.73,115265.0242
BTC,10/25/2023,33922.73,35132.85,33679.05,34496.05,54887.02529
BTC,10/26/2023,34496.05,34824.13,33751.0,34151.66,39744.66255
BTC,10/27/2023,34151.66,34245.0,33390.95,33892.02,32330.40106
BTC,10/28/2023,33892.01,34493.33,33860.0,34081.0,16880.13144
BTC,10/29/2023,34081.01,34750.11,33930.0,34525.89,20685.52176
BTC,10/30/2023,34525.88,34856.0,34062.84,34474.73,33657.95976
BTC,10/31/2023,34474.74,34720.49,34025.0,34639.77,32737.89822
BTC,11/1/2023,34639.78,35582.0,34097.39,35421.43,53473.28165
BTC,11/2/2023,35421.43,35984.99,34300.0,34941.59,48015.57732
BTC,11/3/2023,34941.58,34946.5,34120.0,34716.78,39071.20644
BTC,11/4/2023,34716.78,35255.0,34585.18,35062.07,18377.55545
BTC,11/5/2023,35062.06,35380.0,34448.0,35011.88,24528.73376
BTC,11/6/2023,35011.89,35276.33,34725.9,35046.09,22346.47086
BTC,11/7/2023,35046.09,35888.0,34523.06,35399.12,38688.73692
BTC,11/8/2023,35399.13,36106.0,35100.0,35624.72,33401.34137
BTC,11/9/2023,35624.72,37972.24,35534.05,36701.09,82537.88885
BTC,11/10/2023,36701.1,37526.0,36324.71,37301.63,43414.04898
BTC,11/11/2023,37301.63,37408.26,36666.93,37130.0,22984.97235
BTC,11/12/2023,37129.99,37222.22,36731.1,37064.13,17687.18874
BTC,11/13/2023,37064.13,37417.99,36333.0,36462.93,32798.18252
BTC,11/14/2023,36462.93,36744.0,34800.0,35551.19,45503.68416
BTC,11/15/2023,35551.2,37980.0,35360.0,37858.2,53569.13385
BTC,11/16/2023,37858.2,37929.54,35500.0,36163.51,47490.39566
BTC,11/17/2023,36163.51,36800.0,35861.1,36613.92,38283.61112
BTC,11/18/2023,36613.91,36845.49,36178.58,36568.1,17102.24186
BTC,11/19/2023,36568.11,37500.0,36384.02,37359.86,21246.34648
BTC,11/20/2023,37359.85,37750.0,36677.0,37448.78,36022.70291
BTC,11/21/2023,37448.79,37649.44,35735.0,35741.65,47646.54804
BTC,11/22/2023,35741.65,37861.1,35632.01,37408.34,45051.30697
BTC,11/23/2023,37408.35,37653.44,36870.0,37294.28,23827.92882
BTC,11/24/2023,37294.27,38414.0,37251.51,37713.57,44680.80646
BTC,11/25/2023,37713.57,37888.0,37591.1,37780.67,11396.14464
BTC,11/26/2023,37780.67,37814.63,37150.0,37447.43,21264.53723
BTC,11/27/2023,37447.42,37569.23,36707.0,37242.7,30001.07376
BTC,11/28/2023,37242.7,38377.0,36868.41,37818.87,37544.46667
BTC,11/29/2023,37818.88,38450.0,37570.0,37854.64,32994.19107
BTC,11/30/2023,37854.65,38145.85,37500.0,37723.96,24740.29147
BTC,12/1/2023,37723.97,38999.0,37615.86,38682.52,43415.66324
BTC,12/2/2023,38682.51,39717.14,38641.61,39450.35,26696.92161
BTC,12/3/2023,39450.35,40250.0,39274.86,39972.26,26710.65335
BTC,12/4/2023,39972.26,42420.0,39972.26,41991.1,79272.33059
BTC,12/5/2023,41991.1,44488.0,41414.0,44073.32,67490.74644
BTC,12/6/2023,44073.82,44297.21,43335.28,43762.69,51431.10492
BTC,12/7/2023,43762.69,44047.33,42821.1,43273.14,47103.26845
BTC,12/8/2023,43273.15,44700.0,43081.1,44170.99,42900.37556
BTC,12/9/2023,44171.0,44358.02,43584.51,43713.6,24925.97008
BTC,12/10/2023,43713.59,44049.0,43563.0,43789.51,18956.61758
BTC,12/11/2023,43789.5,43804.5,40222.0,41253.4,76663.89804
BTC,12/12/2023,41253.41,42104.12,40680.0,41492.39,42722.69773
BTC,12/13/2023,41492.38,43475.2,40555.0,42869.03,45865.99773
BTC,12/14/2023,42869.03,43420.0,41400.0,43022.26,42047.05709
BTC,12/15/2023,43022.26,43080.81,41666.0,41940.3,33421.7932
BTC,12/16/2023,41940.29,42724.43,41605.0,42278.03,24118.85747
BTC,12/17/2023,42278.02,42424.07,41252.0,41374.65,27722.11452
BTC,12/18/2023,41374.64,42757.81,40542.93,42657.8,46734.0925
BTC,12/19/2023,42657.8,43497.0,41811.1,42275.99,40927.86444
BTC,12/20/2023,42275.99,44283.0,42206.0,43668.93,48710.2947
BTC,12/21/2023,43668.92,44242.35,43286.72,43861.8,34624.29384
BTC,12/22/2023,43861.79,44398.26,43412.54,43969.04,32783.19638
BTC,12/23/2023,43969.04,43988.68,43291.1,43702.16,16557.1293
BTC,12/24/2023,43702.15,43946.0,42500.0,42991.5,25144.33496
BTC,12/25/2023,42991.5,43802.32,42720.43,43576.13,27021.23992
BTC,12/26/2023,43576.12,43592.68,41637.6,42508.93,41010.04282
BTC,12/27/2023,42508.93,43677.0,42098.69,43428.85,36191.21136
BTC,12/28/2023,43428.86,43787.57,42241.79,42563.76,35150.52485
BTC,12/29/2023,42563.76,43111.0,41300.0,42066.95,42597.18912
BTC,12/30/2023,42066.94,42612.32,41520.3,42140.28,22906.57818
BTC,12/31/2023,42140.29,42899.0,41965.84,42283.58,23585.91603
BTC,1/1/2024,42283.58,44184.1,42180.77,44179.55,27174.29903
BTC,1/2/2024,44179.55,45879.63,44148.34,44946.91,65146.40661
BTC,1/3/2024,44946.91,45500.0,40750.0,42845.23,81194.55173
BTC,1/4/2024,42845.23,44729.58,42613.77,44151.1,48038.06334
BTC,1/5/2024,44151.1,44357.46,42450.0,44145.11,48075.25327
BTC,1/6/2024,44145.12,44214.42,43397.05,43968.32,17835.06144
